title,genre,cast,description
Movie 2013-274,Comedy,"Rajkummar Rao, Salman Khan, Ranveer Singh",A sci-fi adventure into uncharted realms.
Movie 2019-462,Comedy,"Ajay Devgn, Amitabh Bachchan",A comedic twist on modern relationships.
Movie 2005-240,Thriller,"Alia Bhatt, Ajay Devgn, Shah Rukh Khan",A family torn apart by secrets and fate.
Movie 2010-401,Sci-Fi,"Ranveer Singh, Deepika Padukone, Rajkummar Rao",A thriller that keeps you guessing until the end.
Movie 2017-330,Drama,"Ranveer Singh, Salman Khan, Shah Rukh Khan",A journey of love and sacrifice amidst chaos.
Movie 2017-590,Fantasy,"Katrina Kaif, Priyanka Chopra, Aamir Khan",A love story across lifetimes and parallel worlds.
Movie 2011-662,Romance,"Hrithik Roshan, Aamir Khan",A historical drama based on real events.
Movie 2013-378,Romance,"Katrina Kaif, Amitabh Bachchan",A journey of love and sacrifice amidst chaos.
Movie 2012-819,Horror,"Anushka Sharma, Aamir Khan, Alia Bhatt",An epic battle between good and evil.
Tanu Weds Manu,Romantic Comedy,"Kangana Ranaut, R. Madhavan",A quirky bride and a shy groom navigate their marriage.
Movie 2024-337,Horror,"Salman Khan, Aamir Khan",A thriller that keeps you guessing until the end.
Movie 2005-318,Thriller,"Varun Dhawan, Shah Rukh Khan, Ranveer Singh",A police officer takes on the criminal underworld.
Movie 2010-11,Fantasy,"Priyanka Chopra, Varun Dhawan",A historical drama based on real events.
Movie 2024-649,Horror,"Ajay Devgn, Shah Rukh Khan",A comedic twist on modern relationships.
Movie 2017-954,Horror,"Shah Rukh Khan, Katrina Kaif",A police officer takes on the criminal underworld.
Movie 2003-966,Horror,"Deepika Padukone, Priyanka Chopra",A police officer takes on the criminal underworld.
Movie 2000-573,Fantasy,"Priyanka Chopra, Ajay Devgn",A thriller that keeps you guessing until the end.
Movie 2017-174,Comedy,"Hrithik Roshan, Priyanka Chopra, Shah Rukh Khan",A comedic twist on modern relationships.
Movie 2002-783,Sci-Fi,"Katrina Kaif, Ajay Devgn",A family torn apart by secrets and fate.
Movie 2024-883,Thriller,"Amitabh Bachchan, Ranveer Singh",An epic battle between good and evil.
Movie 2025-286,Comedy,"Rajkummar Rao, Deepika Padukone, Alia Bhatt",A comedic twist on modern relationships.
Movie 2003-212,Action,"Varun Dhawan, Alia Bhatt",A gripping tale of revenge and redemption.
Movie 2014-509,Romance,"Katrina Kaif, Priyanka Chopra, Anushka Sharma",A love story across lifetimes and parallel worlds.
Movie 2021-360,Fantasy,"Kareena Kapoor, Katrina Kaif, Varun Dhawan",A comedic twist on modern relationships.
Movie 2014-951,Action,"Hrithik Roshan, Deepika Padukone, Alia Bhatt",A journey of love and sacrifice amidst chaos.
Movie 2008-347,Drama,"Deepika Padukone, Ajay Devgn, Alia Bhatt",A journey of love and sacrifice amidst chaos.
Movie 2024-441,Musical,"Katrina Kaif, Aamir Khan",A gripping tale of revenge and redemption.
Movie 2002-835,Action,"Hrithik Roshan, Ajay Devgn",A journey of love and sacrifice amidst chaos.
Movie 2025-494,Action,"Varun Dhawan, Deepika Padukone",A historical drama based on real events.
Movie 2018-955,Musical,"Katrina Kaif, Priyanka Chopra, Alia Bhatt",A historical drama based on real events.
Movie 2012-793,Action,"Shah Rukh Khan, Salman Khan, Kareena Kapoor",A family torn apart by secrets and fate.
Movie 2017-616,Thriller,"Aamir Khan, Varun Dhawan",A comedic twist on modern relationships.
Movie 2011-194,Musical,"Katrina Kaif, Kareena Kapoor",A journey of love and sacrifice amidst chaos.
Movie 2013-820,Historical,"Varun Dhawan, Shah Rukh Khan, Rajkummar Rao",An epic battle between good and evil.
Movie 2024-389,Comedy,"Alia Bhatt, Aamir Khan, Ranveer Singh",A comedic twist on modern relationships.
Movie 2004-369,Sci-Fi,"Ajay Devgn, Alia Bhatt",A historical drama based on real events.
Movie 2009-946,Historical,"Shah Rukh Khan, Varun Dhawan, Amitabh Bachchan",A comedic twist on modern relationships.
Movie 2015-484,Historical,"Varun Dhawan, Ajay Devgn",An epic battle between good and evil.
Movie 2022-647,Thriller,"Amitabh Bachchan, Varun Dhawan",A family torn apart by secrets and fate.
Movie 2004-83,Horror,"Ranveer Singh, Varun Dhawan, Deepika Padukone",A love story across lifetimes and parallel worlds.
Movie 2025-910,Comedy,"Katrina Kaif, Shah Rukh Khan",A journey of love and sacrifice amidst chaos.
Movie 2017-512,Thriller,"Shah Rukh Khan, Varun Dhawan",A love story across lifetimes and parallel worlds.
Movie 2000-521,Drama,"Hrithik Roshan, Kareena Kapoor, Varun Dhawan",A historical drama based on real events.
Movie 2022-699,Horror,"Anushka Sharma, Hrithik Roshan, Rajkummar Rao",A journey of love and sacrifice amidst chaos.
Movie 2014-535,Comedy,"Deepika Padukone, Priyanka Chopra, Shah Rukh Khan",A love story across lifetimes and parallel worlds.
Movie 2014-223,Action,"Katrina Kaif, Ajay Devgn, Varun Dhawan",A family torn apart by secrets and fate.
Movie 2002-809,Action,"Hrithik Roshan, Shah Rukh Khan",A love story across lifetimes and parallel worlds.
Movie 2003-810,Sci-Fi,"Ajay Devgn, Katrina Kaif, Amitabh Bachchan",A police officer takes on the criminal underworld.
Movie 2003-940,Drama,"Varun Dhawan, Salman Khan, Priyanka Chopra",A historical drama based on real events.
Movie 2005-786,Comedy,"Varun Dhawan, Rajkummar Rao",A sci-fi adventure into uncharted realms.
Movie 2015-146,Action,"Priyanka Chopra, Ajay Devgn",A historical drama based on real events.
Movie 2004-265,Horror,"Kareena Kapoor, Rajkummar Rao",A comedic twist on modern relationships.
Movie 2022-127,Drama,"Alia Bhatt, Kareena Kapoor",An epic battle between good and evil.
Movie 2002-705,Sci-Fi,"Deepika Padukone, Salman Khan",A police officer takes on the criminal underworld.
Movie 2019-644,Comedy,"Priyanka Chopra, Salman Khan",A sci-fi adventure into uncharted realms.
Movie 2024-467,Romance,"Anushka Sharma, Deepika Padukone",A journey of love and sacrifice amidst chaos.
Movie 2019-696,Historical,"Kareena Kapoor, Amitabh Bachchan",A thriller that keeps you guessing until the end.
Movie 2015-692,Drama,"Deepika Padukone, Rajkummar Rao",A comedic twist on modern relationships.
Movie 2007-580,Thriller,"Hrithik Roshan, Ajay Devgn, Alia Bhatt",A thriller that keeps you guessing until the end.
Movie 2014-925,Action,"Ranveer Singh, Katrina Kaif",An epic battle between good and evil.
Movie 2018-669,Horror,"Varun Dhawan, Ranveer Singh",A sci-fi adventure into uncharted realms.
Movie 2020-177,Action,"Deepika Padukone, Ajay Devgn",A journey of love and sacrifice amidst chaos.
Movie 2016-329,Fantasy,"Aamir Khan, Deepika Padukone, Anushka Sharma",An epic battle between good and evil.
Movie 2005-422,Action,"Deepika Padukone, Salman Khan, Aamir Khan",A police officer takes on the criminal underworld.
Movie 2012-195,Musical,"Katrina Kaif, Salman Khan",A gripping tale of revenge and redemption.
Movie 2007-476,Romance,"Priyanka Chopra, Hrithik Roshan",A historical drama based on real events.
Movie 2003-498,Action,"Hrithik Roshan, Shah Rukh Khan",A gripping tale of revenge and redemption.
Movie 2020-671,Historical,"Hrithik Roshan, Katrina Kaif",A sci-fi adventure into uncharted realms.
Movie 2004-213,Action,"Ajay Devgn, Hrithik Roshan, Deepika Padukone",A police officer takes on the criminal underworld.
Movie 2019-826,Romance,"Hrithik Roshan, Ajay Devgn",A love story across lifetimes and parallel worlds.
Movie 2016-407,Sci-Fi,"Alia Bhatt, Anushka Sharma",A historical drama based on real events.
Movie 2001-470,Action,"Deepika Padukone, Anushka Sharma, Ranveer Singh",A gripping tale of revenge and redemption.
Movie 2018-565,Thriller,"Shah Rukh Khan, Alia Bhatt",An epic battle between good and evil.
Movie 2016-563,Fantasy,"Ajay Devgn, Deepika Padukone, Priyanka Chopra",A love story across lifetimes and parallel worlds.
Movie 2007-710,Horror,"Varun Dhawan, Deepika Padukone",A gripping tale of revenge and redemption.
Movie 2002-913,Horror,"Deepika Padukone, Ajay Devgn, Shah Rukh Khan",A sci-fi adventure into uncharted realms.
Movie 2017-226,Horror,"Ajay Devgn, Amitabh Bachchan, Ranveer Singh",A gripping tale of revenge and redemption.
Movie 2020-411,Action,"Priyanka Chopra, Anushka Sharma",A historical drama based on real events.
Movie 2023-466,Musical,"Amitabh Bachchan, Shah Rukh Khan, Deepika Padukone",A family torn apart by secrets and fate.
Movie 2005-292,Comedy,"Amitabh Bachchan, Anushka Sharma, Ajay Devgn",A gripping tale of revenge and redemption.
Movie 2019-254,Sci-Fi,"Hrithik Roshan, Katrina Kaif, Priyanka Chopra",A sci-fi adventure into uncharted realms.
Movie 2022-257,Fantasy,"Amitabh Bachchan, Hrithik Roshan",A love story across lifetimes and parallel worlds.
Movie 2002-575,Historical,"Katrina Kaif, Kareena Kapoor, Varun Dhawan",A comedic twist on modern relationships.
Movie 2021-48,Comedy,"Varun Dhawan, Shah Rukh Khan",A thriller that keeps you guessing until the end.
Movie 2018-45,Comedy,"Hrithik Roshan, Ajay Devgn",A comedic twist on modern relationships.
Movie 2004-447,Drama,"Hrithik Roshan, Katrina Kaif",A family torn apart by secrets and fate.
Movie 2001-756,Action,"Priyanka Chopra, Katrina Kaif",A thriller that keeps you guessing until the end.
Movie 2002-289,Drama,"Shah Rukh Khan, Priyanka Chopra, Amitabh Bachchan",A historical drama based on real events.
Movie 2003-732,Horror,"Alia Bhatt, Salman Khan",A family torn apart by secrets and fate.
Movie 2015-354,Musical,"Varun Dhawan, Shah Rukh Khan",A gripping tale of revenge and redemption.
Movie 2002-965,Fantasy,"Hrithik Roshan, Alia Bhatt",A journey of love and sacrifice amidst chaos.
Movie 2008-269,Sci-Fi,"Katrina Kaif, Ranveer Singh, Hrithik Roshan",A comedic twist on modern relationships.
Movie 2002-887,Historical,"Shah Rukh Khan, Anushka Sharma",A journey of love and sacrifice amidst chaos.
Movie 2022-777,Horror,"Alia Bhatt, Aamir Khan, Katrina Kaif",A police officer takes on the criminal underworld.
Movie 2007-762,Horror,"Katrina Kaif, Rajkummar Rao",An epic battle between good and evil.
Movie 2001-340,Musical,"Salman Khan, Alia Bhatt, Ranveer Singh",A thriller that keeps you guessing until the end.
Movie 2012-143,Fantasy,"Salman Khan, Amitabh Bachchan",A comedic twist on modern relationships.
Movie 2001-444,Comedy,"Varun Dhawan, Salman Khan, Hrithik Roshan",A sci-fi adventure into uncharted realms.
Movie 2018-591,Fantasy,"Priyanka Chopra, Amitabh Bachchan",A love story across lifetimes and parallel worlds.
Movie 2017-200,Fantasy,"Kareena Kapoor, Ranveer Singh, Shah Rukh Khan",A gripping tale of revenge and redemption.
Kabir Singh,Romance,"Shahid Kapoor, Kiara Advani",A brilliant surgeon spirals into self-destruction after heartbreak.
Movie 2010-583,Action,"Salman Khan, Katrina Kaif",A police officer takes on the criminal underworld.
Movie 2012-559,Drama,"Hrithik Roshan, Shah Rukh Khan, Ajay Devgn",A historical drama based on real events.
Movie 2015-458,Comedy,"Ajay Devgn, Anushka Sharma",A love story across lifetimes and parallel worlds.
Movie 2006-657,Horror,"Ranveer Singh, Alia Bhatt",A family torn apart by secrets and fate.
Movie 2014-587,Romance,"Hrithik Roshan, Anushka Sharma, Shah Rukh Khan",A gripping tale of revenge and redemption.
Movie 2010-89,Fantasy,"Hrithik Roshan, Kareena Kapoor",A love story across lifetimes and parallel worlds.
Movie 2012-507,Action,"Amitabh Bachchan, Rajkummar Rao",A family torn apart by secrets and fate.
Movie 2012-923,Drama,"Alia Bhatt, Kareena Kapoor",A journey of love and sacrifice amidst chaos.
Movie 2011-220,Horror,"Ranveer Singh, Aamir Khan",A thriller that keeps you guessing until the end.
Movie 2016-147,Thriller,"Hrithik Roshan, Anushka Sharma, Deepika Padukone",A journey of love and sacrifice amidst chaos.
3 Idiots,Comedy,"Aamir Khan, R. Madhavan, Sharman Joshi",Three friends navigate the pressures of engineering college.
Movie 2008-633,Thriller,"Anushka Sharma, Salman Khan, Rajkummar Rao",A thriller that keeps you guessing until the end.
Movie 2024-727,Musical,"Katrina Kaif, Varun Dhawan, Deepika Padukone",An epic battle between good and evil.
Movie 2000-911,Fantasy,"Varun Dhawan, Katrina Kaif",A gripping tale of revenge and redemption.
Movie 2010-63,Historical,"Kareena Kapoor, Katrina Kaif, Ranveer Singh",An epic battle between good and evil.
Movie 2012-637,Historical,"Hrithik Roshan, Ajay Devgn, Anushka Sharma",A love story across lifetimes and parallel worlds.
Jawan,Action,"Shah Rukh Khan, Nayanthara",A vigilante seeks justice with a group of female allies.
Movie 2000-79,Fantasy,"Alia Bhatt, Deepika Padukone",A historical drama based on real events.
Movie 2000-625,Comedy,"Priyanka Chopra, Kareena Kapoor",A police officer takes on the criminal underworld.
Movie 2003-888,Romance,"Salman Khan, Katrina Kaif",A comedic twist on modern relationships.
Movie 2006-111,Fantasy,"Kareena Kapoor, Shah Rukh Khan",A comedic twist on modern relationships.
Movie 2002-939,Drama,"Hrithik Roshan, Ranveer Singh",A comedic twist on modern relationships.
Movie 2016-225,Drama,"Amitabh Bachchan, Deepika Padukone, Hrithik Roshan",A historical drama based on real events.
Movie 2019-670,Fantasy,"Rajkummar Rao, Amitabh Bachchan, Alia Bhatt",A comedic twist on modern relationships.
Movie 2009-244,Drama,"Kareena Kapoor, Varun Dhawan, Salman Khan",A historical drama based on real events.
Movie 2003-836,Sci-Fi,"Ranveer Singh, Amitabh Bachchan, Ajay Devgn",An epic battle between good and evil.
Movie 2019-358,Horror,"Kareena Kapoor, Katrina Kaif, Ajay Devgn",A sci-fi adventure into uncharted realms.
Movie 2024-311,Drama,"Anushka Sharma, Aamir Khan",A journey of love and sacrifice amidst chaos.
Movie 2023-934,Thriller,"Ajay Devgn, Kareena Kapoor, Ranveer Singh",A comedic twist on modern relationships.
Movie 2023-570,Fantasy,"Ranveer Singh, Salman Khan, Kareena Kapoor",A sci-fi adventure into uncharted realms.
Movie 2012-975,Romance,"Shah Rukh Khan, Katrina Kaif",A thriller that keeps you guessing until the end.
Movie 2024-753,Musical,"Salman Khan, Anushka Sharma",A journey of love and sacrifice amidst chaos.
Movie 2017-980,Comedy,"Alia Bhatt, Shah Rukh Khan, Ranveer Singh",A comedic twist on modern relationships.
Movie 2020-749,Romance,"Amitabh Bachchan, Shah Rukh Khan",A sci-fi adventure into uncharted realms.
Movie 2015-744,Horror,"Aamir Khan, Salman Khan",A sci-fi adventure into uncharted realms.
Movie 2005-656,Historical,"Alia Bhatt, Varun Dhawan, Rajkummar Rao",A journey of love and sacrifice amidst chaos.
Movie 2011-610,Action,"Ajay Devgn, Deepika Padukone",A thriller that keeps you guessing until the end.
Movie 2022-439,Horror,"Deepika Padukone, Salman Khan",A gripping tale of revenge and redemption.
Movie 2021-854,Musical,"Katrina Kaif, Kareena Kapoor",A journey of love and sacrifice amidst chaos.
Movie 2023-804,Action,"Hrithik Roshan, Deepika Padukone",A journey of love and sacrifice amidst chaos.
Movie 2018-227,Fantasy,"Salman Khan, Rajkummar Rao",A journey of love and sacrifice amidst chaos.
Movie 2025-780,Fantasy,"Rajkummar Rao, Aamir Khan, Shah Rukh Khan",A police officer takes on the criminal underworld.
Movie 2021-594,Sci-Fi,"Ranveer Singh, Ajay Devgn, Katrina Kaif",A police officer takes on the criminal underworld.
Movie 2018-877,Horror,"Rajkummar Rao, Varun Dhawan",A journey of love and sacrifice amidst chaos.
Movie 2011-584,Sci-Fi,"Varun Dhawan, Ranveer Singh",A sci-fi adventure into uncharted realms.
Movie 2003-82,Action,"Anushka Sharma, Aamir Khan, Rajkummar Rao",A thriller that keeps you guessing until the end.
Movie 2012-351,Musical,"Kareena Kapoor, Hrithik Roshan",A love story across lifetimes and parallel worlds.
Movie 2010-271,Comedy,"Varun Dhawan, Katrina Kaif",A thriller that keeps you guessing until the end.
Movie 2020-619,Comedy,"Varun Dhawan, Ajay Devgn",A sci-fi adventure into uncharted realms.
Movie 2006-683,Drama,"Priyanka Chopra, Alia Bhatt",A police officer takes on the criminal underworld.
Movie 2009-764,Action,"Rajkummar Rao, Katrina Kaif, Ranveer Singh",A journey of love and sacrifice amidst chaos.
Movie 2020-697,Musical,"Varun Dhawan, Katrina Kaif",A family torn apart by secrets and fate.
Movie 2006-293,Historical,"Shah Rukh Khan, Anushka Sharma",An epic battle between good and evil.
Movie 2004-291,Horror,"Deepika Padukone, Priyanka Chopra, Aamir Khan",A gripping tale of revenge and redemption.
Movie 2008-165,Sci-Fi,"Anushka Sharma, Alia Bhatt, Rajkummar Rao",A gripping tale of revenge and redemption.
Movie 2016-537,Sci-Fi,"Anushka Sharma, Kareena Kapoor",A historical drama based on real events.
Movie 2024-675,Drama,"Ajay Devgn, Anushka Sharma, Rajkummar Rao",A comedic twist on modern relationships.
Movie 2015-640,Drama,"Ranveer Singh, Hrithik Roshan",A family torn apart by secrets and fate.
Movie 2008-893,Fantasy,"Ranveer Singh, Rajkummar Rao, Amitabh Bachchan",A gripping tale of revenge and redemption.
Movie 2013-326,Sci-Fi,"Deepika Padukone, Varun Dhawan, Alia Bhatt",A historical drama based on real events.
Movie 2010-219,Drama,"Priyanka Chopra, Katrina Kaif, Kareena Kapoor",A sci-fi adventure into uncharted realms.
Movie 2000-833,Historical,"Shah Rukh Khan, Anushka Sharma",A thriller that keeps you guessing until the end.
Movie 2006-449,Historical,"Priyanka Chopra, Amitabh Bachchan, Salman Khan",A gripping tale of revenge and redemption.
Dangal,Drama,"Aamir Khan, Fatima Sana Shaikh",A former wrestler trains his daughters to become champions.
Movie 2018-97,Thriller,"Rajkummar Rao, Alia Bhatt, Katrina Kaif",A comedic twist on modern relationships.
Movie 2002-107,Action,"Ranveer Singh, Varun Dhawan, Aamir Khan",A journey of love and sacrifice amidst chaos.
Movie 2005-526,Comedy,"Ajay Devgn, Deepika Padukone, Rajkummar Rao",A thriller that keeps you guessing until the end.
Movie 2001-782,Romance,"Hrithik Roshan, Kareena Kapoor",A thriller that keeps you guessing until the end.
Movie 2004-317,Sci-Fi,"Salman Khan, Amitabh Bachchan",A comedic twist on modern relationships.
Movie 2017-304,Comedy,"Alia Bhatt, Deepika Padukone, Varun Dhawan",A sci-fi adventure into uncharted realms.
Movie 2015-770,Sci-Fi,"Hrithik Roshan, Priyanka Chopra, Shah Rukh Khan",A police officer takes on the criminal underworld.
Movie 2014-301,Romance,"Deepika Padukone, Hrithik Roshan",A comedic twist on modern relationships.
Movie 2013-534,Historical,"Anushka Sharma, Kareena Kapoor, Aamir Khan",A gripping tale of revenge and redemption.
Movie 2011-298,Romance,"Shah Rukh Khan, Deepika Padukone",A sci-fi adventure into uncharted realms.
Movie 2006-865,Romance,"Hrithik Roshan, Deepika Padukone, Amitabh Bachchan",A comedic twist on modern relationships.
Movie 2021-516,Horror,"Deepika Padukone, Ranveer Singh, Rajkummar Rao",A love story across lifetimes and parallel worlds.
Movie 2002-367,Horror,"Deepika Padukone, Amitabh Bachchan, Ajay Devgn",A thriller that keeps you guessing until the end.
Movie 2019-72,Historical,"Aamir Khan, Alia Bhatt, Deepika Padukone",A police officer takes on the criminal underworld.
Movie 2008-685,Thriller,"Alia Bhatt, Shah Rukh Khan, Ajay Devgn",A historical drama based on real events.
Movie 2001-418,Historical,"Deepika Padukone, Anushka Sharma, Ajay Devgn",A sci-fi adventure into uncharted realms.
Movie 2015-978,Historical,"Katrina Kaif, Anushka Sharma, Deepika Padukone",An epic battle between good and evil.
Movie 2003-264,Historical,"Salman Khan, Ranveer Singh, Varun Dhawan",A historical drama based on real events.
Movie 2021-438,Thriller,"Ajay Devgn, Hrithik Roshan, Amitabh Bachchan",A gripping tale of revenge and redemption.
Movie 2003-316,Thriller,"Kareena Kapoor, Katrina Kaif",An epic battle between good and evil.
Movie 2009-192,Musical,"Rajkummar Rao, Ajay Devgn, Deepika Padukone",An epic battle between good and evil.
Movie 2010-479,Action,"Katrina Kaif, Anushka Sharma",A love story across lifetimes and parallel worlds.
Movie 2016-251,Action,"Alia Bhatt, Deepika Padukone",A thriller that keeps you guessing until the end.
Movie 2018-513,Sci-Fi,"Priyanka Chopra, Katrina Kaif, Amitabh Bachchan",A sci-fi adventure into uncharted realms.
Movie 2015-16,Thriller,"Varun Dhawan, Salman Khan, Aamir Khan",A journey of love and sacrifice amidst chaos.
Movie 2011-896,Drama,"Deepika Padukone, Alia Bhatt",A journey of love and sacrifice amidst chaos.
Movie 2011-974,Romance,"Varun Dhawan, Katrina Kaif, Ranveer Singh",A journey of love and sacrifice amidst chaos.
Movie 2017-44,Musical,"Varun Dhawan, Priyanka Chopra, Amitabh Bachchan",A journey of love and sacrifice amidst chaos.
Movie 2018-617,Horror,"Aamir Khan, Varun Dhawan",A family torn apart by secrets and fate.
Movie 2022-309,Horror,"Katrina Kaif, Salman Khan",A thriller that keeps you guessing until the end.
Movie 2020-931,Horror,"Aamir Khan, Kareena Kapoor, Varun Dhawan",A family torn apart by secrets and fate.
Movie 2009-478,Comedy,"Aamir Khan, Ajay Devgn",A gripping tale of revenge and redemption.
Movie 2000-131,Romance,"Katrina Kaif, Priyanka Chopra",A love story across lifetimes and parallel worlds.
Movie 2007-34,Thriller,"Salman Khan, Deepika Padukone, Hrithik Roshan",A comedic twist on modern relationships.
Movie 2000-287,Action,"Anushka Sharma, Kareena Kapoor, Rajkummar Rao",A thriller that keeps you guessing until the end.
Movie 2012-13,Action,"Shah Rukh Khan, Ajay Devgn",A police officer takes on the criminal underworld.
Movie 2013-222,Sci-Fi,"Varun Dhawan, Anushka Sharma",A journey of love and sacrifice amidst chaos.
Movie 2008-477,Thriller,"Shah Rukh Khan, Hrithik Roshan, Ranveer Singh",A gripping tale of revenge and redemption.
Movie 2021-932,Historical,"Alia Bhatt, Ajay Devgn, Priyanka Chopra",A family torn apart by secrets and fate.
Movie 2004-707,Drama,"Rajkummar Rao, Katrina Kaif",A comedic twist on modern relationships.
Movie 2011-272,Sci-Fi,"Aamir Khan, Shah Rukh Khan",A sci-fi adventure into uncharted realms.
Movie 2007-138,Historical,"Aamir Khan, Varun Dhawan",A police officer takes on the criminal underworld.
Movie 2011-324,Romance,"Priyanka Chopra, Amitabh Bachchan",A gripping tale of revenge and redemption.
Movie 2008-503,Horror,"Priyanka Chopra, Varun Dhawan",A family torn apart by secrets and fate.
Movie 2003-290,Musical,"Ranveer Singh, Salman Khan, Rajkummar Rao",A comedic twist on modern relationships.
Movie 2018-747,Musical,"Ranveer Singh, Priyanka Chopra",A sci-fi adventure into uncharted realms.
Movie 2013-66,Thriller,"Rajkummar Rao, Ranveer Singh",A gripping tale of revenge and redemption.
Movie 2003-784,Sci-Fi,"Priyanka Chopra, Ranveer Singh, Deepika Padukone",A family torn apart by secrets and fate.
Movie 2025-806,Sci-Fi,"Kareena Kapoor, Alia Bhatt, Priyanka Chopra",A sci-fi adventure into uncharted realms.
Movie 2021-490,Comedy,"Deepika Padukone, Alia Bhatt",A thriller that keeps you guessing until the end.
Movie 2018-305,Horror,"Katrina Kaif, Ajay Devgn",A love story across lifetimes and parallel worlds.
Movie 2000-859,Drama,"Shah Rukh Khan, Deepika Padukone, Alia Bhatt",A police officer takes on the criminal underworld.
Movie 2009-140,Horror,"Deepika Padukone, Rajkummar Rao, Kareena Kapoor",A love story across lifetimes and parallel worlds.
Movie 2023-960,Action,"Shah Rukh Khan, Priyanka Chopra, Alia Bhatt",A journey of love and sacrifice amidst chaos.
Movie 2010-973,Musical,"Aamir Khan, Salman Khan, Varun Dhawan",A journey of love and sacrifice amidst chaos.
Movie 2015-68,Drama,"Kareena Kapoor, Priyanka Chopra",A police officer takes on the criminal underworld.
Movie 2025-364,Drama,"Katrina Kaif, Kareena Kapoor",A sci-fi adventure into uncharted realms.
Movie 2007-424,Musical,"Aamir Khan, Salman Khan",A historical drama based on real events.
Movie 2015-302,Fantasy,"Salman Khan, Alia Bhatt",A sci-fi adventure into uncharted realms.
Movie 2009-426,Historical,"Kareena Kapoor, Amitabh Bachchan",A love story across lifetimes and parallel worlds.
Movie 2022-517,Drama,"Salman Khan, Hrithik Roshan",A journey of love and sacrifice amidst chaos.
Movie 2000-105,Horror,"Amitabh Bachchan, Ajay Devgn, Shah Rukh Khan",A gripping tale of revenge and redemption.
Movie 2010-765,Action,"Deepika Padukone, Aamir Khan",A gripping tale of revenge and redemption.
Movie 2021-412,Comedy,"Anushka Sharma, Aamir Khan",A love story across lifetimes and parallel worlds.
Movie 2013-404,Fantasy,"Shah Rukh Khan, Priyanka Chopra",A gripping tale of revenge and redemption.
Movie 2021-100,Historical,"Deepika Padukone, Priyanka Chopra",An epic battle between good and evil.
Movie 2024-545,Drama,"Anushka Sharma, Shah Rukh Khan, Hrithik Roshan",A police officer takes on the criminal underworld.
Movie 2020-151,Romance,"Priyanka Chopra, Katrina Kaif",A historical drama based on real events.
Movie 2024-181,Drama,"Hrithik Roshan, Salman Khan, Ajay Devgn",A sci-fi adventure into uncharted realms.
Movie 2018-903,Horror,"Anushka Sharma, Shah Rukh Khan",A comedic twist on modern relationships.
Movie 2014-431,Comedy,"Ajay Devgn, Ranveer Singh, Hrithik Roshan",A sci-fi adventure into uncharted realms.
Movie 2001-860,Fantasy,"Hrithik Roshan, Varun Dhawan, Alia Bhatt",A gripping tale of revenge and redemption.
Movie 2008-789,Thriller,"Ranveer Singh, Hrithik Roshan",A thriller that keeps you guessing until the end.
Movie 2024-805,Romance,"Ajay Devgn, Aamir Khan, Amitabh Bachchan",A historical drama based on real events.
Movie 2011-740,Action,"Hrithik Roshan, Alia Bhatt, Rajkummar Rao",A comedic twist on modern relationships.
Movie 2007-450,Thriller,"Varun Dhawan, Rajkummar Rao",A thriller that keeps you guessing until the end.
Movie 2011-116,Musical,"Kareena Kapoor, Salman Khan, Varun Dhawan",A gripping tale of revenge and redemption.
Movie 2011-948,Sci-Fi,"Katrina Kaif, Amitabh Bachchan",An epic battle between good and evil.
Movie 2017-720,Romance,"Aamir Khan, Hrithik Roshan, Kareena Kapoor",A sci-fi adventure into uncharted realms.
Movie 2004-525,Musical,"Anushka Sharma, Ajay Devgn, Kareena Kapoor",A thriller that keeps you guessing until the end.
Movie 2007-60,Musical,"Aamir Khan, Alia Bhatt, Priyanka Chopra",A historical drama based on real events.
Movie 2007-216,Fantasy,"Varun Dhawan, Aamir Khan, Rajkummar Rao",A thriller that keeps you guessing until the end.
Movie 2011-12,Comedy,"Anushka Sharma, Varun Dhawan, Kareena Kapoor",A family torn apart by secrets and fate.
Movie 2000-53,Romance,"Hrithik Roshan, Ranveer Singh",A police officer takes on the criminal underworld.
Movie 2014-67,Comedy,"Ranveer Singh, Katrina Kaif, Alia Bhatt",A comedic twist on modern relationships.
Movie 2012-949,Thriller,"Kareena Kapoor, Alia Bhatt, Priyanka Chopra",A comedic twist on modern relationships.
Movie 2000-937,Action,"Hrithik Roshan, Amitabh Bachchan, Katrina Kaif",A family torn apart by secrets and fate.
Movie 2022-907,Historical,"Alia Bhatt, Ajay Devgn, Kareena Kapoor",A family torn apart by secrets and fate.
Movie 2021-152,Fantasy,"Rajkummar Rao, Varun Dhawan",A sci-fi adventure into uncharted realms.
Movie 2011-870,Drama,"Hrithik Roshan, Alia Bhatt, Kareena Kapoor",A journey of love and sacrifice amidst chaos.
Movie 2016-355,Romance,"Rajkummar Rao, Hrithik Roshan, Anushka Sharma",A comedic twist on modern relationships.
Movie 2024-155,Fantasy,"Ajay Devgn, Alia Bhatt, Varun Dhawan",A family torn apart by secrets and fate.
Movie 2006-163,Action,"Ranveer Singh, Shah Rukh Khan",A comedic twist on modern relationships.
Movie 2001-704,Musical,"Varun Dhawan, Aamir Khan",A love story across lifetimes and parallel worlds.
Movie 2019-306,Comedy,"Ajay Devgn, Alia Bhatt",A thriller that keeps you guessing until the end.
Movie 2014-249,Action,"Salman Khan, Hrithik Roshan, Rajkummar Rao",A thriller that keeps you guessing until the end.
Barfi!,Comedy,"Ranbir Kapoor, Priyanka Chopra",A deaf-mute man falls in love with two women.
Movie 2020-853,Romance,"Varun Dhawan, Anushka Sharma, Ajay Devgn",A journey of love and sacrifice amidst chaos.
Movie 2001-2,Comedy,"Salman Khan, Katrina Kaif, Kareena Kapoor",A police officer takes on the criminal underworld.
Movie 2002-679,Sci-Fi,"Priyanka Chopra, Katrina Kaif, Alia Bhatt",A thriller that keeps you guessing until the end.
Movie 2002-133,Drama,"Hrithik Roshan, Rajkummar Rao, Ranveer Singh",A love story across lifetimes and parallel worlds.
Movie 2002-757,Horror,"Ranveer Singh, Amitabh Bachchan, Deepika Padukone",A love story across lifetimes and parallel worlds.
Movie 2006-267,Romance,"Rajkummar Rao, Hrithik Roshan, Priyanka Chopra",A family torn apart by secrets and fate.
Movie 2002-861,Drama,"Varun Dhawan, Ranveer Singh",A gripping tale of revenge and redemption.
Movie 2005-838,Historical,"Salman Khan, Aamir Khan",An epic battle between good and evil.
Movie 2025-962,Romance,"Varun Dhawan, Ajay Devgn, Rajkummar Rao",A police officer takes on the criminal underworld.
Movie 2009-166,Comedy,"Hrithik Roshan, Anushka Sharma, Kareena Kapoor",A love story across lifetimes and parallel worlds.
Movie 2001-392,Romance,"Aamir Khan, Alia Bhatt, Kareena Kapoor",A sci-fi adventure into uncharted realms.
Movie 2020-385,Comedy,"Alia Bhatt, Kareena Kapoor",A police officer takes on the criminal underworld.
Movie 2011-506,Romance,"Ajay Devgn, Priyanka Chopra",A historical drama based on real events.
Movie 2002-393,Historical,"Kareena Kapoor, Rajkummar Rao",A love story across lifetimes and parallel worlds.
Movie 2004-421,Musical,"Deepika Padukone, Ajay Devgn, Alia Bhatt",A love story across lifetimes and parallel worlds.
Movie 2006-553,Historical,"Amitabh Bachchan, Alia Bhatt",A love story across lifetimes and parallel worlds.
Movie 2004-785,Sci-Fi,"Kareena Kapoor, Shah Rukh Khan, Amitabh Bachchan",A police officer takes on the criminal underworld.
Movie 2024-857,Thriller,"Kareena Kapoor, Katrina Kaif",A family torn apart by secrets and fate.
Movie 2021-22,Romance,"Alia Bhatt, Salman Khan, Anushka Sharma",A historical drama based on real events.
Movie 2018-175,Musical,"Anushka Sharma, Amitabh Bachchan, Alia Bhatt",A police officer takes on the criminal underworld.
Drishyam,Thriller,"Ajay Devgn, Tabu",A man uses his wit to protect his family from the law.
Movie 2015-432,Drama,"Katrina Kaif, Kareena Kapoor, Anushka Sharma",A gripping tale of revenge and redemption.
Movie 2017-434,Sci-Fi,"Kareena Kapoor, Salman Khan, Shah Rukh Khan",A thriller that keeps you guessing until the end.
Movie 2016-667,Sci-Fi,"Alia Bhatt, Shah Rukh Khan, Aamir Khan",A police officer takes on the criminal underworld.
Movie 2006-709,Musical,"Alia Bhatt, Hrithik Roshan",A gripping tale of revenge and redemption.
Movie 2009-738,Drama,"Ajay Devgn, Priyanka Chopra",A sci-fi adventure into uncharted realms.
Movie 2005-6,Comedy,"Salman Khan, Deepika Padukone",A comedic twist on modern relationships.
Movie 2010-895,Historical,"Kareena Kapoor, Varun Dhawan, Aamir Khan",An epic battle between good and evil.
Movie 2005-630,Thriller,"Alia Bhatt, Kareena Kapoor, Amitabh Bachchan",A journey of love and sacrifice amidst chaos.
Movie 2009-88,Romance,"Alia Bhatt, Shah Rukh Khan, Salman Khan",An epic battle between good and evil.
Movie 2005-578,Action,"Varun Dhawan, Priyanka Chopra, Salman Khan",An epic battle between good and evil.
Movie 2017-122,Action,"Alia Bhatt, Priyanka Chopra",A police officer takes on the criminal underworld.
Movie 2014-483,Musical,"Aamir Khan, Shah Rukh Khan",A gripping tale of revenge and redemption.
Movie 2010-687,Romance,"Kareena Kapoor, Salman Khan",A love story across lifetimes and parallel worlds.
Movie 2001-626,Horror,"Ranveer Singh, Kareena Kapoor, Anushka Sharma",A thriller that keeps you guessing until the end.
Movie 2014-613,Sci-Fi,"Hrithik Roshan, Shah Rukh Khan, Aamir Khan",An epic battle between good and evil.
Movie 2004-863,Drama,"Varun Dhawan, Aamir Khan, Deepika Padukone",A journey of love and sacrifice amidst chaos.
Movie 2002-55,Historical,"Salman Khan, Kareena Kapoor",A historical drama based on real events.
Gully Boy,Musical,"Ranveer Singh, Alia Bhatt",A street rapper from Mumbai fights his way to fame.
Movie 2023-76,Musical,"Rajkummar Rao, Anushka Sharma, Aamir Khan",A gripping tale of revenge and redemption.
Movie 2006-813,Musical,"Aamir Khan, Alia Bhatt",A comedic twist on modern relationships.
Movie 2013-768,Romance,"Ajay Devgn, Salman Khan, Anushka Sharma",A thriller that keeps you guessing until the end.
Movie 2019-332,Thriller,"Rajkummar Rao, Varun Dhawan, Aamir Khan",An epic battle between good and evil.
Movie 2022-491,Action,"Kareena Kapoor, Deepika Padukone, Varun Dhawan",A journey of love and sacrifice amidst chaos.
Movie 2003-550,Musical,"Amitabh Bachchan, Alia Bhatt",A historical drama based on real events.
Movie 2015-250,Sci-Fi,"Anushka Sharma, Rajkummar Rao, Kareena Kapoor",A police officer takes on the criminal underworld.
Movie 2012-91,Comedy,"Alia Bhatt, Anushka Sharma",A journey of love and sacrifice amidst chaos.
Movie 2025-754,Historical,"Salman Khan, Varun Dhawan",A historical drama based on real events.
Movie 2018-383,Action,"Ajay Devgn, Anushka Sharma, Aamir Khan",A historical drama based on real events.
Movie 2013-170,Sci-Fi,"Anushka Sharma, Alia Bhatt",A love story across lifetimes and parallel worlds.
Movie 2022-49,Comedy,"Alia Bhatt, Priyanka Chopra, Anushka Sharma",A sci-fi adventure into uncharted realms.
Movie 2014-93,Sci-Fi,"Hrithik Roshan, Rajkummar Rao, Ajay Devgn",An epic battle between good and evil.
Movie 2019-176,Action,"Shah Rukh Khan, Ajay Devgn, Kareena Kapoor",A journey of love and sacrifice amidst chaos.
Movie 2021-74,Musical,"Amitabh Bachchan, Shah Rukh Khan, Priyanka Chopra",A police officer takes on the criminal underworld.
Movie 2005-916,Sci-Fi,"Amitabh Bachchan, Deepika Padukone",A historical drama based on real events.
Movie 2016-953,Horror,"Ajay Devgn, Aamir Khan, Katrina Kaif",A sci-fi adventure into uncharted realms.
Movie 2005-864,Action,"Katrina Kaif, Rajkummar Rao, Aamir Khan",A comedic twist on modern relationships.
Movie 2009-608,Romance,"Katrina Kaif, Ranveer Singh",A gripping tale of revenge and redemption.
Movie 2023-310,Comedy,"Ranveer Singh, Salman Khan, Alia Bhatt",A love story across lifetimes and parallel worlds.
Movie 2004-889,Fantasy,"Katrina Kaif, Anushka Sharma",A love story across lifetimes and parallel worlds.
Movie 2001-54,Sci-Fi,"Deepika Padukone, Rajkummar Rao, Shah Rukh Khan",A historical drama based on real events.
Movie 2002-497,Fantasy,"Deepika Padukone, Shah Rukh Khan, Kareena Kapoor",A family torn apart by secrets and fate.
Movie 2022-621,Fantasy,"Varun Dhawan, Salman Khan, Priyanka Chopra",A love story across lifetimes and parallel worlds.
Movie 2019-228,Comedy,"Kareena Kapoor, Alia Bhatt, Varun Dhawan",A family torn apart by secrets and fate.
Movie 2018-149,Horror,"Hrithik Roshan, Anushka Sharma",A gripping tale of revenge and redemption.
Movie 2003-602,Thriller,"Priyanka Chopra, Hrithik Roshan, Amitabh Bachchan",A sci-fi adventure into uncharted realms.
Movie 2003-238,Musical,"Anushka Sharma, Ranveer Singh",A family torn apart by secrets and fate.
Movie 2019-774,Romance,"Kareena Kapoor, Ajay Devgn, Deepika Padukone",A sci-fi adventure into uncharted realms.
Movie 2011-714,Drama,"Salman Khan, Deepika Padukone",A thriller that keeps you guessing until the end.
Pathaan,Action,"Shah Rukh Khan, Deepika Padukone",An Indian spy returns to protect the nation from threats.
Movie 2001-652,Drama,"Hrithik Roshan, Alia Bhatt",An epic battle between good and evil.
Movie 2007-86,Thriller,"Hrithik Roshan, Katrina Kaif",A journey of love and sacrifice amidst chaos.
Movie 2025-390,Musical,"Deepika Padukone, Anushka Sharma",A love story across lifetimes and parallel worlds.
Movie 2021-542,Fantasy,"Katrina Kaif, Anushka Sharma, Varun Dhawan",A love story across lifetimes and parallel worlds.
Movie 2005-734,Drama,"Hrithik Roshan, Salman Khan, Anushka Sharma",A comedic twist on modern relationships.
Movie 2015-796,Fantasy,"Shah Rukh Khan, Salman Khan",A sci-fi adventure into uncharted realms.
Movie 2014-743,Historical,"Rajkummar Rao, Amitabh Bachchan",A comedic twist on modern relationships.
Movie 2015-822,Drama,"Priyanka Chopra, Ajay Devgn",A gripping tale of revenge and redemption.
Movie 2001-28,Drama,"Ajay Devgn, Deepika Padukone, Amitabh Bachchan",A family torn apart by secrets and fate.
Movie 2002-445,Sci-Fi,"Anushka Sharma, Hrithik Roshan, Deepika Padukone",A thriller that keeps you guessing until the end.
Movie 2020-359,Fantasy,"Priyanka Chopra, Kareena Kapoor",A love story across lifetimes and parallel worlds.
Movie 2000-209,Horror,"Katrina Kaif, Anushka Sharma, Varun Dhawan",A sci-fi adventure into uncharted realms.
Movie 2020-879,Historical,"Rajkummar Rao, Deepika Padukone",A love story across lifetimes and parallel worlds.
Movie 2006-735,Comedy,"Salman Khan, Rajkummar Rao",A thriller that keeps you guessing until the end.
Movie 2009-114,Historical,"Kareena Kapoor, Varun Dhawan, Alia Bhatt",An epic battle between good and evil.
Movie 2023-648,Sci-Fi,"Ranveer Singh, Hrithik Roshan, Varun Dhawan",A sci-fi adventure into uncharted realms.
Movie 2022-205,Musical,"Rajkummar Rao, Salman Khan",A gripping tale of revenge and redemption.
Movie 2013-950,Horror,"Rajkummar Rao, Katrina Kaif, Ranveer Singh",A gripping tale of revenge and redemption.
Movie 2025-104,Sci-Fi,"Katrina Kaif, Aamir Khan, Ajay Devgn",A family torn apart by secrets and fate.
Movie 2016-927,Historical,"Shah Rukh Khan, Rajkummar Rao, Alia Bhatt",A family torn apart by secrets and fate.
Movie 2000-469,Musical,"Anushka Sharma, Rajkummar Rao, Deepika Padukone",A thriller that keeps you guessing until the end.
Movie 2005-32,Sci-Fi,"Ranveer Singh, Deepika Padukone",A sci-fi adventure into uncharted realms.
Movie 2001-886,Comedy,"Shah Rukh Khan, Ranveer Singh",A historical drama based on real events.
Movie 2016-849,Musical,"Ajay Devgn, Priyanka Chopra",A thriller that keeps you guessing until the end.
Movie 2022-153,Thriller,"Varun Dhawan, Shah Rukh Khan",A love story across lifetimes and parallel worlds.
Movie 2023-882,Sci-Fi,"Varun Dhawan, Anushka Sharma, Ajay Devgn",A gripping tale of revenge and redemption.
Movie 2019-280,Thriller,"Alia Bhatt, Aamir Khan",A love story across lifetimes and parallel worlds.
Movie 2012-611,Musical,"Aamir Khan, Katrina Kaif",A sci-fi adventure into uncharted realms.
Movie 2019-514,Thriller,"Ajay Devgn, Varun Dhawan",A journey of love and sacrifice amidst chaos.
Movie 2023-622,Historical,"Anushka Sharma, Amitabh Bachchan",A gripping tale of revenge and redemption.
Movie 2018-279,Horror,"Ajay Devgn, Aamir Khan, Priyanka Chopra",A family torn apart by secrets and fate.
Movie 2012-325,Comedy,"Aamir Khan, Amitabh Bachchan",A police officer takes on the criminal underworld.
Movie 2002-471,Romance,"Varun Dhawan, Rajkummar Rao, Kareena Kapoor",A love story across lifetimes and parallel worlds.
Movie 2003-108,Romance,"Ajay Devgn, Varun Dhawan, Shah Rukh Khan",A sci-fi adventure into uncharted realms.
Movie 2024-935,Horror,"Ajay Devgn, Hrithik Roshan",A family torn apart by secrets and fate.
Movie 2022-959,Fantasy,"Varun Dhawan, Aamir Khan",A sci-fi adventure into uncharted realms.
Movie 2014-821,Drama,"Rajkummar Rao, Ranveer Singh, Alia Bhatt",A thriller that keeps you guessing until the end.
Movie 2000-755,Sci-Fi,"Shah Rukh Khan, Varun Dhawan",An epic battle between good and evil.
Movie 2011-922,Horror,"Varun Dhawan, Kareena Kapoor, Deepika Padukone",A sci-fi adventure into uncharted realms.
Movie 2014-561,Comedy,"Shah Rukh Khan, Kareena Kapoor",A love story across lifetimes and parallel worlds.
Movie 2017-746,Sci-Fi,"Deepika Padukone, Hrithik Roshan",A police officer takes on the criminal underworld.
Movie 2012-247,Romance,"Amitabh Bachchan, Hrithik Roshan",A comedic twist on modern relationships.
Movie 2022-933,Comedy,"Ajay Devgn, Hrithik Roshan",A police officer takes on the criminal underworld.
Movie 2007-866,Fantasy,"Varun Dhawan, Anushka Sharma",A comedic twist on modern relationships.
Movie 2024-597,Fantasy,"Kareena Kapoor, Alia Bhatt, Shah Rukh Khan",A comedic twist on modern relationships.
Movie 2010-921,Historical,"Amitabh Bachchan, Deepika Padukone",A historical drama based on real events.
Movie 2023-830,Comedy,"Varun Dhawan, Amitabh Bachchan",A family torn apart by secrets and fate.
Movie 2016-641,Musical,"Ranveer Singh, Varun Dhawan",A comedic twist on modern relationships.
Movie 2000-391,Romance,"Shah Rukh Khan, Anushka Sharma, Katrina Kaif",A family torn apart by secrets and fate.
Movie 2015-380,Sci-Fi,"Hrithik Roshan, Amitabh Bachchan",A police officer takes on the criminal underworld.
Movie 2022-465,Comedy,"Aamir Khan, Katrina Kaif, Rajkummar Rao",A love story across lifetimes and parallel worlds.
Movie 2021-672,Historical,"Rajkummar Rao, Ranveer Singh, Katrina Kaif",A journey of love and sacrifice amidst chaos.
Movie 2005-812,Thriller,"Ranveer Singh, Ajay Devgn",A love story across lifetimes and parallel worlds.
Movie 2006-631,Thriller,"Kareena Kapoor, Anushka Sharma",A police officer takes on the criminal underworld.
Movie 2008-139,Sci-Fi,"Katrina Kaif, Priyanka Chopra",A gripping tale of revenge and redemption.
Movie 2010-245,Drama,"Priyanka Chopra, Shah Rukh Khan",A gripping tale of revenge and redemption.
Movie 2000-365,Drama,"Ranveer Singh, Alia Bhatt, Salman Khan",A historical drama based on real events.
Movie 2002-653,Sci-Fi,"Katrina Kaif, Hrithik Roshan, Varun Dhawan",A historical drama based on real events.
Movie 2002-341,Comedy,"Ranveer Singh, Shah Rukh Khan",A family torn apart by secrets and fate.
Movie 2001-80,Romance,"Kareena Kapoor, Varun Dhawan, Priyanka Chopra",A thriller that keeps you guessing until the end.
Movie 2006-137,Historical,"Alia Bhatt, Varun Dhawan",A comedic twist on modern relationships.
Movie 2008-815,Comedy,"Rajkummar Rao, Ajay Devgn, Priyanka Chopra",A historical drama based on real events.
Movie 2023-284,Musical,"Katrina Kaif, Deepika Padukone",A historical drama based on real events.
Movie 2010-115,Romance,"Hrithik Roshan, Deepika Padukone",A sci-fi adventure into uncharted realms.
Movie 2016-121,Action,"Aamir Khan, Salman Khan, Deepika Padukone",A comedic twist on modern relationships.
Movie 2016-95,Sci-Fi,"Deepika Padukone, Ranveer Singh, Amitabh Bachchan",A love story across lifetimes and parallel worlds.
Movie 2005-266,Musical,"Hrithik Roshan, Ajay Devgn, Katrina Kaif",A police officer takes on the criminal underworld.
Movie 2012-845,Sci-Fi,"Aamir Khan, Priyanka Chopra, Katrina Kaif",A love story across lifetimes and parallel worlds.
Movie 2024-493,Drama,"Katrina Kaif, Hrithik Roshan, Priyanka Chopra",An epic battle between good and evil.
Movie 2013-248,Action,"Alia Bhatt, Rajkummar Rao",A family torn apart by secrets and fate.
Movie 2015-406,Romance,"Anushka Sharma, Katrina Kaif",A thriller that keeps you guessing until the end.
Movie 2017-902,Drama,"Hrithik Roshan, Ajay Devgn",A family torn apart by secrets and fate.
Movie 2007-112,Fantasy,"Alia Bhatt, Rajkummar Rao, Deepika Padukone",A love story across lifetimes and parallel worlds.
Movie 2001-496,Comedy,"Anushka Sharma, Salman Khan",A thriller that keeps you guessing until the end.
Movie 2012-481,Action,"Shah Rukh Khan, Alia Bhatt",A comedic twist on modern relationships.
Movie 2006-943,Sci-Fi,"Katrina Kaif, Amitabh Bachchan, Anushka Sharma",A historical drama based on real events.
Movie 2022-673,Horror,"Ajay Devgn, Deepika Padukone, Kareena Kapoor",A historical drama based on real events.
Movie 2011-688,Drama,"Varun Dhawan, Shah Rukh Khan, Anushka Sharma",A journey of love and sacrifice amidst chaos.
Movie 2005-188,Romance,"Amitabh Bachchan, Shah Rukh Khan, Priyanka Chopra",A gripping tale of revenge and redemption.
Movie 2000-547,Action,"Ajay Devgn, Ranveer Singh",A journey of love and sacrifice amidst chaos.
Movie 2015-42,Romance,"Katrina Kaif, Priyanka Chopra",A historical drama based on real events.
Movie 2004-109,Sci-Fi,"Ranveer Singh, Ajay Devgn, Anushka Sharma",A family torn apart by secrets and fate.
Movie 2015-952,Thriller,"Priyanka Chopra, Hrithik Roshan, Aamir Khan",A gripping tale of revenge and redemption.
Movie 2024-701,Comedy,"Varun Dhawan, Priyanka Chopra, Ajay Devgn",A gripping tale of revenge and redemption.
Movie 2010-635,Comedy,"Ajay Devgn, Kareena Kapoor",A comedic twist on modern relationships.
Movie 2016-459,Comedy,"Varun Dhawan, Salman Khan",A family torn apart by secrets and fate.
Movie 2001-600,Sci-Fi,"Anushka Sharma, Ajay Devgn, Deepika Padukone",A love story across lifetimes and parallel worlds.
Movie 2018-851,Comedy,"Amitabh Bachchan, Katrina Kaif",A gripping tale of revenge and redemption.
Movie 2011-402,Romance,"Shah Rukh Khan, Rajkummar Rao, Aamir Khan",A sci-fi adventure into uncharted realms.
Movie 2015-536,Historical,"Alia Bhatt, Salman Khan, Katrina Kaif",A comedic twist on modern relationships.
Movie 2023-388,Thriller,"Alia Bhatt, Amitabh Bachchan, Deepika Padukone",A journey of love and sacrifice amidst chaos.
Movie 2017-486,Drama,"Priyanka Chopra, Deepika Padukone, Kareena Kapoor",A journey of love and sacrifice amidst chaos.
Movie 2023-128,Horror,"Aamir Khan, Kareena Kapoor, Deepika Padukone",A historical drama based on real events.
Movie 2003-368,Comedy,"Deepika Padukone, Ajay Devgn",A historical drama based on real events.
Movie 2010-375,Comedy,"Varun Dhawan, Ajay Devgn, Kareena Kapoor",A family torn apart by secrets and fate.
Movie 2015-198,Historical,"Hrithik Roshan, Deepika Padukone, Kareena Kapoor",An epic battle between good and evil.
Movie 2006-839,Musical,"Shah Rukh Khan, Priyanka Chopra, Katrina Kaif",A journey of love and sacrifice amidst chaos.
Movie 2009-582,Sci-Fi,"Hrithik Roshan, Ajay Devgn, Shah Rukh Khan",A family torn apart by secrets and fate.
Movie 2011-168,Drama,"Katrina Kaif, Kareena Kapoor, Deepika Padukone",A police officer takes on the criminal underworld.
Movie 2010-297,Action,"Varun Dhawan, Alia Bhatt, Shah Rukh Khan",A police officer takes on the criminal underworld.
Movie 2021-724,Comedy,"Ajay Devgn, Aamir Khan",A historical drama based on real events.
Movie 2025-442,Musical,"Aamir Khan, Salman Khan",A love story across lifetimes and parallel worlds.
Movie 2009-400,Thriller,"Varun Dhawan, Aamir Khan, Amitabh Bachchan",A love story across lifetimes and parallel worlds.
Movie 2008-295,Thriller,"Rajkummar Rao, Priyanka Chopra, Salman Khan",An epic battle between good and evil.
Movie 2018-71,Action,"Ranveer Singh, Aamir Khan",A thriller that keeps you guessing until the end.
Movie 2005-110,Fantasy,"Katrina Kaif, Kareena Kapoor",A journey of love and sacrifice amidst chaos.
Movie 2019-566,Horror,"Shah Rukh Khan, Ranveer Singh",An epic battle between good and evil.
Movie 2009-322,Drama,"Priyanka Chopra, Amitabh Bachchan",A comedic twist on modern relationships.
Movie 2010-869,Action,"Anushka Sharma, Rajkummar Rao, Kareena Kapoor",A police officer takes on the criminal underworld.
Movie 2019-488,Fantasy,"Rajkummar Rao, Deepika Padukone",A gripping tale of revenge and redemption.
Movie 2007-606,Historical,"Shah Rukh Khan, Hrithik Roshan, Ranveer Singh",A comedic twist on modern relationships.
Movie 2005-162,Sci-Fi,"Kareena Kapoor, Salman Khan, Alia Bhatt",A comedic twist on modern relationships.
Movie 2014-899,Romance,"Alia Bhatt, Hrithik Roshan, Kareena Kapoor",A historical drama based on real events.
Movie 2010-167,Action,"Shah Rukh Khan, Katrina Kaif",A historical drama based on real events.
Movie 2014-353,Romance,"Rajkummar Rao, Anushka Sharma",A love story across lifetimes and parallel worlds.
Movie 2010-713,Romance,"Amitabh Bachchan, Anushka Sharma",A family torn apart by secrets and fate.
Movie 2003-186,Thriller,"Amitabh Bachchan, Hrithik Roshan",A police officer takes on the criminal underworld.
Movie 2008-555,Fantasy,"Kareena Kapoor, Aamir Khan, Priyanka Chopra",A family torn apart by secrets and fate.
Movie 2014-639,Drama,"Varun Dhawan, Kareena Kapoor",A journey of love and sacrifice amidst chaos.
Movie 2013-690,Thriller,"Shah Rukh Khan, Priyanka Chopra, Deepika Padukone",A love story across lifetimes and parallel worlds.
Movie 2014-795,Fantasy,"Anushka Sharma, Varun Dhawan, Amitabh Bachchan",A thriller that keeps you guessing until the end.
Movie 2006-319,Musical,"Ajay Devgn, Ranveer Singh, Anushka Sharma",An epic battle between good and evil.
Movie 2014-41,Sci-Fi,"Hrithik Roshan, Kareena Kapoor",A family torn apart by secrets and fate.
Movie 2003-680,Fantasy,"Katrina Kaif, Anushka Sharma",A historical drama based on real events.
Movie 2005-58,Action,"Salman Khan, Rajkummar Rao, Hrithik Roshan",A journey of love and sacrifice amidst chaos.
Movie 2013-92,Fantasy,"Anushka Sharma, Hrithik Roshan, Salman Khan",A historical drama based on real events.
Movie 2007-294,Drama,"Katrina Kaif, Alia Bhatt, Salman Khan",A journey of love and sacrifice amidst chaos.
Movie 2001-288,Musical,"Aamir Khan, Anushka Sharma, Katrina Kaif",A police officer takes on the criminal underworld.
Chak De! India,Sports,Shah Rukh Khan,A disgraced player coaches India's women's hockey team.
Movie 2021-620,Sci-Fi,"Kareena Kapoor, Amitabh Bachchan, Varun Dhawan",A sci-fi adventure into uncharted realms.
Movie 2025-208,Musical,"Ranveer Singh, Aamir Khan, Varun Dhawan",A sci-fi adventure into uncharted realms.
Movie 2010-531,Historical,"Kareena Kapoor, Salman Khan",A police officer takes on the criminal underworld.
Movie 2006-7,Historical,"Ranveer Singh, Salman Khan, Shah Rukh Khan",A gripping tale of revenge and redemption.
Movie 2009-712,Thriller,"Ajay Devgn, Deepika Padukone, Amitabh Bachchan",A love story across lifetimes and parallel worlds.
Movie 2013-300,Comedy,"Salman Khan, Amitabh Bachchan",A historical drama based on real events.
Movie 2018-331,Action,"Varun Dhawan, Priyanka Chopra",A journey of love and sacrifice amidst chaos.
Movie 2025-260,Horror,"Ranveer Singh, Ajay Devgn",A gripping tale of revenge and redemption.
Movie 2005-552,Thriller,"Ranveer Singh, Salman Khan",A love story across lifetimes and parallel worlds.
Movie 2020-567,Romance,"Katrina Kaif, Deepika Padukone",A sci-fi adventure into uncharted realms.
Movie 2020-125,Comedy,"Deepika Padukone, Rajkummar Rao, Shah Rukh Khan",A journey of love and sacrifice amidst chaos.
Movie 2000-495,Action,"Ajay Devgn, Salman Khan, Alia Bhatt",A gripping tale of revenge and redemption.
Movie 2020-99,Romance,"Priyanka Chopra, Rajkummar Rao, Salman Khan",A gripping tale of revenge and redemption.
Movie 2024-571,Fantasy,"Ajay Devgn, Katrina Kaif",A love story across lifetimes and parallel worlds.
Movie 2010-193,Historical,"Amitabh Bachchan, Varun Dhawan",A sci-fi adventure into uncharted realms.
Movie 2008-113,Musical,"Ajay Devgn, Kareena Kapoor, Salman Khan",A sci-fi adventure into uncharted realms.
Movie 2014-275,Romance,"Salman Khan, Ajay Devgn, Katrina Kaif",A comedic twist on modern relationships.
Movie 2011-350,Sci-Fi,"Ranveer Singh, Deepika Padukone",A comedic twist on modern relationships.
Movie 2006-85,Thriller,"Deepika Padukone, Hrithik Roshan, Aamir Khan",A gripping tale of revenge and redemption.
Movie 2004-681,Sci-Fi,"Salman Khan, Kareena Kapoor",A journey of love and sacrifice amidst chaos.
Movie 2009-270,Romance,"Katrina Kaif, Ranveer Singh",A historical drama based on real events.
Movie 2009-920,Musical,"Deepika Padukone, Katrina Kaif, Rajkummar Rao",A love story across lifetimes and parallel worlds.
Movie 2019-748,Action,"Priyanka Chopra, Shah Rukh Khan",An epic battle between good and evil.
Movie 2006-423,Fantasy,"Shah Rukh Khan, Alia Bhatt",An epic battle between good and evil.
Movie 2003-420,Sci-Fi,"Alia Bhatt, Anushka Sharma, Katrina Kaif",A historical drama based on real events.
Movie 2008-867,Thriller,"Deepika Padukone, Aamir Khan, Kareena Kapoor",A gripping tale of revenge and redemption.
Movie 2003-758,Historical,"Salman Khan, Ranveer Singh, Priyanka Chopra",A journey of love and sacrifice amidst chaos.
Movie 2004-941,Musical,"Kareena Kapoor, Hrithik Roshan",A journey of love and sacrifice amidst chaos.
Movie 2001-574,Historical,"Deepika Padukone, Ranveer Singh, Salman Khan",A comedic twist on modern relationships.
Zindagi Na Milegi Dobara,Drama,"Hrithik Roshan, Farhan Akhtar",Three friends go on a road trip across Spain.
Movie 2008-35,Drama,"Aamir Khan, Katrina Kaif, Varun Dhawan",A sci-fi adventure into uncharted realms.
Movie 2004-577,Comedy,"Kareena Kapoor, Priyanka Chopra, Aamir Khan",A police officer takes on the criminal underworld.
Movie 2013-118,Horror,"Alia Bhatt, Katrina Kaif",A love story across lifetimes and parallel worlds.
Movie 2001-210,Historical,"Anushka Sharma, Aamir Khan, Ranveer Singh",A historical drama based on real events.
Movie 2002-315,Historical,"Varun Dhawan, Deepika Padukone",An epic battle between good and evil.
Movie 2021-178,Comedy,"Ajay Devgn, Ranveer Singh",A thriller that keeps you guessing until the end.
Movie 2016-433,Musical,"Katrina Kaif, Deepika Padukone, Varun Dhawan",A love story across lifetimes and parallel worlds.
Movie 2007-554,Thriller,"Aamir Khan, Ranveer Singh, Anushka Sharma",An epic battle between good and evil.
Movie 2016-69,Comedy,"Amitabh Bachchan, Anushka Sharma, Salman Khan",A sci-fi adventure into uncharted realms.
Movie 2019-98,Historical,"Anushka Sharma, Ajay Devgn",A journey of love and sacrifice amidst chaos.
Movie 2001-730,Musical,"Aamir Khan, Priyanka Chopra",A historical drama based on real events.
Movie 2025-546,Drama,"Shah Rukh Khan, Salman Khan",A thriller that keeps you guessing until the end.
Movie 2025-182,Drama,"Kareena Kapoor, Rajkummar Rao, Ranveer Singh",A gripping tale of revenge and redemption.
Movie 2021-386,Drama,"Varun Dhawan, Shah Rukh Khan",A thriller that keeps you guessing until the end.
Movie 2011-532,Comedy,"Aamir Khan, Ajay Devgn, Deepika Padukone",An epic battle between good and evil.
Movie 2008-87,Drama,"Varun Dhawan, Priyanka Chopra, Ranveer Singh",A police officer takes on the criminal underworld.
Movie 2025-338,Thriller,"Rajkummar Rao, Shah Rukh Khan, Aamir Khan",A historical drama based on real events.
Movie 2011-142,Action,"Anushka Sharma, Shah Rukh Khan, Amitabh Bachchan",A police officer takes on the criminal underworld.
Movie 2016-901,Drama,"Salman Khan, Ranveer Singh",A sci-fi adventure into uncharted realms.
Movie 2008-191,Comedy,"Rajkummar Rao, Anushka Sharma",A journey of love and sacrifice amidst chaos.
Movie 2021-698,Thriller,"Shah Rukh Khan, Deepika Padukone, Ranveer Singh",A comedic twist on modern relationships.
Movie 2023-362,Thriller,"Katrina Kaif, Amitabh Bachchan, Ranveer Singh",A journey of love and sacrifice amidst chaos.
Movie 2017-356,Fantasy,"Anushka Sharma, Deepika Padukone, Amitabh Bachchan",A sci-fi adventure into uncharted realms.
Movie 2008-581,Comedy,"Salman Khan, Katrina Kaif, Shah Rukh Khan",A historical drama based on real events.
Movie 2021-828,Drama,"Anushka Sharma, Salman Khan, Katrina Kaif",A gripping tale of revenge and redemption.
Movie 2019-410,Fantasy,"Katrina Kaif, Ranveer Singh",A comedic twist on modern relationships.
Movie 2020-463,Thriller,"Amitabh Bachchan, Varun Dhawan, Priyanka Chopra",A historical drama based on real events.
Movie 2001-912,Drama,"Aamir Khan, Rajkummar Rao, Deepika Padukone",A comedic twist on modern relationships.
Movie 2005-942,Comedy,"Kareena Kapoor, Anushka Sharma, Varun Dhawan",A sci-fi adventure into uncharted realms.
Movie 2017-70,Musical,"Varun Dhawan, Priyanka Chopra",A gripping tale of revenge and redemption.
Movie 2023-414,Thriller,"Rajkummar Rao, Shah Rukh Khan, Hrithik Roshan",An epic battle between good and evil.
Movie 2000-261,Action,"Ajay Devgn, Katrina Kaif",A historical drama based on real events.
Movie 2016-771,Musical,"Salman Khan, Rajkummar Rao, Katrina Kaif",A police officer takes on the criminal underworld.
Movie 2022-413,Sci-Fi,"Alia Bhatt, Varun Dhawan, Ajay Devgn",A sci-fi adventure into uncharted realms.
Movie 2016-381,Sci-Fi,"Kareena Kapoor, Amitabh Bachchan, Anushka Sharma",A thriller that keeps you guessing until the end.
Movie 2019-930,Drama,"Kareena Kapoor, Alia Bhatt, Varun Dhawan",A love story across lifetimes and parallel worlds.
Movie 2018-19,Musical,"Varun Dhawan, Katrina Kaif, Kareena Kapoor",A family torn apart by secrets and fate.
Movie 2020-229,Horror,"Rajkummar Rao, Katrina Kaif",A thriller that keeps you guessing until the end.
Movie 2004-733,Action,"Anushka Sharma, Ajay Devgn",A gripping tale of revenge and redemption.
Movie 2003-160,Action,"Aamir Khan, Deepika Padukone",A historical drama based on real events.
Movie 2019-124,Horror,"Shah Rukh Khan, Ajay Devgn",An epic battle between good and evil.
Movie 2007-840,Drama,"Ajay Devgn, Anushka Sharma",A family torn apart by secrets and fate.
Movie 2019-202,Action,"Rajkummar Rao, Ranveer Singh",A family torn apart by secrets and fate.
Movie 2017-460,Drama,"Alia Bhatt, Shah Rukh Khan, Aamir Khan",A love story across lifetimes and parallel worlds.
Movie 2025-130,Musical,"Kareena Kapoor, Katrina Kaif",A love story across lifetimes and parallel worlds.
Movie 2015-874,Fantasy,"Rajkummar Rao, Kareena Kapoor, Hrithik Roshan",A love story across lifetimes and parallel worlds.
Movie 2013-586,Thriller,"Ajay Devgn, Amitabh Bachchan, Katrina Kaif",A gripping tale of revenge and redemption.
Movie 2007-658,Comedy,"Shah Rukh Khan, Ranveer Singh, Rajkummar Rao",A comedic twist on modern relationships.
Movie 2003-4,Romance,"Kareena Kapoor, Deepika Padukone, Priyanka Chopra",A sci-fi adventure into uncharted realms.
Movie 2009-972,Musical,"Hrithik Roshan, Rajkummar Rao",A sci-fi adventure into uncharted realms.
Movie 2006-345,Romance,"Ajay Devgn, Anushka Sharma",A police officer takes on the criminal underworld.
Movie 2019-800,Romance,"Ajay Devgn, Katrina Kaif",An epic battle between good and evil.
Movie 2010-661,Fantasy,"Anushka Sharma, Rajkummar Rao, Priyanka Chopra",A gripping tale of revenge and redemption.
Movie 2008-399,Drama,"Rajkummar Rao, Ranveer Singh",A sci-fi adventure into uncharted realms.
Movie 2015-94,Historical,"Anushka Sharma, Katrina Kaif, Kareena Kapoor",A journey of love and sacrifice amidst chaos.
Movie 2013-144,Drama,"Katrina Kaif, Aamir Khan, Hrithik Roshan",A police officer takes on the criminal underworld.
Movie 2020-957,Musical,"Priyanka Chopra, Deepika Padukone, Katrina Kaif",A love story across lifetimes and parallel worlds.
Movie 2021-230,Musical,"Katrina Kaif, Deepika Padukone",A thriller that keeps you guessing until the end.
Movie 2000-703,Fantasy,"Katrina Kaif, Salman Khan",A thriller that keeps you guessing until the end.
Movie 2009-634,Romance,"Deepika Padukone, Anushka Sharma",A sci-fi adventure into uncharted realms.
Movie 2016-797,Fantasy,"Ajay Devgn, Kareena Kapoor",A gripping tale of revenge and redemption.
Movie 2022-751,Musical,"Hrithik Roshan, Amitabh Bachchan, Priyanka Chopra",A gripping tale of revenge and redemption.
Movie 2022-179,Romance,"Salman Khan, Priyanka Chopra, Rajkummar Rao",A comedic twist on modern relationships.
Movie 2001-132,Thriller,"Deepika Padukone, Rajkummar Rao",A police officer takes on the criminal underworld.
Movie 2025-676,Action,"Kareena Kapoor, Katrina Kaif, Hrithik Roshan",A historical drama based on real events.
Movie 2018-123,Romance,"Aamir Khan, Varun Dhawan, Rajkummar Rao",A historical drama based on real events.
Movie 2001-314,Action,"Hrithik Roshan, Alia Bhatt, Deepika Padukone",A family torn apart by secrets and fate.
Movie 2021-126,Thriller,"Katrina Kaif, Shah Rukh Khan",A thriller that keeps you guessing until the end.
Movie 2003-134,Historical,"Priyanka Chopra, Alia Bhatt",A love story across lifetimes and parallel worlds.
Movie 2016-693,Musical,"Salman Khan, Rajkummar Rao",A comedic twist on modern relationships.
Movie 2007-398,Thriller,"Deepika Padukone, Amitabh Bachchan",An epic battle between good and evil.
Movie 2002-185,Action,"Priyanka Chopra, Alia Bhatt",A family torn apart by secrets and fate.
Movie 2010-141,Historical,"Hrithik Roshan, Shah Rukh Khan, Katrina Kaif",A sci-fi adventure into uncharted realms.
Movie 2019-436,Comedy,"Aamir Khan, Ajay Devgn, Amitabh Bachchan",A historical drama based on real events.
Movie 2022-75,Thriller,"Hrithik Roshan, Salman Khan",A journey of love and sacrifice amidst chaos.
Movie 2020-775,Musical,"Ranveer Singh, Shah Rukh Khan, Anushka Sharma",A family torn apart by secrets and fate.
Movie 2003-472,Sci-Fi,"Varun Dhawan, Anushka Sharma",A police officer takes on the criminal underworld.
Movie 2002-29,Horror,"Alia Bhatt, Amitabh Bachchan, Deepika Padukone",A family torn apart by secrets and fate.
Movie 2011-558,Romance,"Priyanka Chopra, Ajay Devgn, Rajkummar Rao",An epic battle between good and evil.
Lagaan,Historical,"Aamir Khan, Gracy Singh",A village fights unfair British taxes through a cricket match.
Movie 2016-277,Action,"Kareena Kapoor, Deepika Padukone, Anushka Sharma",A comedic twist on modern relationships.
Movie 2001-678,Comedy,"Kareena Kapoor, Varun Dhawan",A gripping tale of revenge and redemption.
Movie 2025-650,Musical,"Kareena Kapoor, Deepika Padukone, Ranveer Singh",A thriller that keeps you guessing until the end.
Movie 2012-871,Drama,"Aamir Khan, Katrina Kaif, Shah Rukh Khan",A family torn apart by secrets and fate.
Movie 2013-14,Fantasy,"Shah Rukh Khan, Kareena Kapoor",A love story across lifetimes and parallel worlds.
Movie 2018-435,Musical,"Hrithik Roshan, Alia Bhatt",A love story across lifetimes and parallel worlds.
Movie 2017-252,Romance,"Aamir Khan, Rajkummar Rao, Kareena Kapoor",A family torn apart by secrets and fate.
Movie 2024-285,Historical,"Katrina Kaif, Anushka Sharma",A comedic twist on modern relationships.
Movie 2009-790,Sci-Fi,"Varun Dhawan, Shah Rukh Khan",A historical drama based on real events.
Movie 2017-642,Comedy,"Aamir Khan, Varun Dhawan",A family torn apart by secrets and fate.
Movie 2012-169,Comedy,"Alia Bhatt, Amitabh Bachchan, Ranveer Singh",A thriller that keeps you guessing until the end.
Movie 2004-161,Comedy,"Rajkummar Rao, Anushka Sharma, Aamir Khan",A gripping tale of revenge and redemption.
Movie 2011-246,Drama,"Hrithik Roshan, Amitabh Bachchan",A comedic twist on modern relationships.
Movie 2018-643,Comedy,"Amitabh Bachchan, Deepika Padukone",A sci-fi adventure into uncharted realms.
Movie 2000-443,Horror,"Anushka Sharma, Rajkummar Rao",A comedic twist on modern relationships.
Movie 2000-599,Thriller,"Deepika Padukone, Alia Bhatt, Anushka Sharma",A journey of love and sacrifice amidst chaos.
Movie 2012-585,Drama,"Anushka Sharma, Rajkummar Rao, Shah Rukh Khan",A police officer takes on the criminal underworld.
Movie 2003-524,Drama,"Ajay Devgn, Alia Bhatt, Aamir Khan",A thriller that keeps you guessing until the end.
Movie 2001-158,Fantasy,"Anushka Sharma, Ajay Devgn",A family torn apart by secrets and fate.
Movie 2009-218,Romance,"Aamir Khan, Varun Dhawan",A historical drama based on real events.
Movie 2004-473,Romance,"Alia Bhatt, Amitabh Bachchan, Katrina Kaif",A family torn apart by secrets and fate.
Movie 2023-232,Action,"Alia Bhatt, Ranveer Singh, Katrina Kaif",A journey of love and sacrifice amidst chaos.
Movie 2004-239,Fantasy,"Shah Rukh Khan, Hrithik Roshan",A comedic twist on modern relationships.
Movie 2015-224,Horror,"Aamir Khan, Katrina Kaif, Varun Dhawan",A historical drama based on real events.
Movie 2006-189,Fantasy,"Katrina Kaif, Anushka Sharma, Salman Khan",A comedic twist on modern relationships.
Movie 2021-958,Historical,"Varun Dhawan, Rajkummar Rao",An epic battle between good and evil.
Movie 2016-43,Horror,"Shah Rukh Khan, Aamir Khan",A family torn apart by secrets and fate.
Movie 2017-564,Historical,"Ranveer Singh, Ajay Devgn, Anushka Sharma",A police officer takes on the criminal underworld.
Movie 2019-150,Action,"Hrithik Roshan, Deepika Padukone, Varun Dhawan",A love story across lifetimes and parallel worlds.
Movie 2025-884,Historical,"Anushka Sharma, Varun Dhawan, Hrithik Roshan",A comedic twist on modern relationships.
Movie 2006-475,Action,"Aamir Khan, Rajkummar Rao, Priyanka Chopra",A journey of love and sacrifice amidst chaos.
Movie 2022-543,Sci-Fi,"Alia Bhatt, Aamir Khan",An epic battle between good and evil.
Movie 2007-242,Action,"Hrithik Roshan, Ranveer Singh, Priyanka Chopra",A sci-fi adventure into uncharted realms.
Movie 2007-502,Fantasy,"Anushka Sharma, Ranveer Singh, Amitabh Bachchan",A thriller that keeps you guessing until the end.
Movie 2019-20,Thriller,"Rajkummar Rao, Deepika Padukone",An epic battle between good and evil.
Movie 2012-273,Sci-Fi,"Hrithik Roshan, Ajay Devgn, Shah Rukh Khan",A journey of love and sacrifice amidst chaos.
Movie 2004-31,Horror,"Hrithik Roshan, Anushka Sharma, Salman Khan",A thriller that keeps you guessing until the end.
Raazi,Spy Thriller,"Alia Bhatt, Vicky Kaushal",An Indian spy marries a Pakistani officer to gather intel.
Movie 2016-303,Musical,"Deepika Padukone, Hrithik Roshan",A historical drama based on real events.
Movie 2017-18,Sci-Fi,"Salman Khan, Varun Dhawan",A journey of love and sacrifice amidst chaos.
Movie 2013-40,Thriller,"Ajay Devgn, Hrithik Roshan, Rajkummar Rao",A sci-fi adventure into uncharted realms.
Movie 2006-787,Historical,"Aamir Khan, Ranveer Singh",A historical drama based on real events.
Movie 2017-694,Musical,"Amitabh Bachchan, Priyanka Chopra, Katrina Kaif",A family torn apart by secrets and fate.
Movie 2020-307,Fantasy,"Kareena Kapoor, Anushka Sharma, Rajkummar Rao",A historical drama based on real events.
Movie 2014-847,Sci-Fi,"Rajkummar Rao, Katrina Kaif",A gripping tale of revenge and redemption.
Dil Chahta Hai,Drama,"Aamir Khan, Saif Ali Khan",Three friends deal with love and life after college.
Movie 2009-452,Sci-Fi,"Priyanka Chopra, Varun Dhawan",A thriller that keeps you guessing until the end.
Movie 2023-206,Horror,"Rajkummar Rao, Shah Rukh Khan",A love story across lifetimes and parallel worlds.
Movie 2023-102,Comedy,"Katrina Kaif, Aamir Khan, Anushka Sharma",A historical drama based on real events.
Movie 2024-779,Action,"Deepika Padukone, Ajay Devgn",A love story across lifetimes and parallel worlds.
Bajrangi Bhaijaan,Drama,"Salman Khan, Harshaali Malhotra",A man helps a lost mute girl return to Pakistan.
Movie 2009-296,Musical,"Hrithik Roshan, Ranveer Singh",A police officer takes on the criminal underworld.
Movie 2020-333,Sci-Fi,"Kareena Kapoor, Varun Dhawan",A love story across lifetimes and parallel worlds.
Movie 2006-215,Horror,"Kareena Kapoor, Alia Bhatt, Anushka Sharma",A family torn apart by secrets and fate.
Movie 2023-258,Musical,"Shah Rukh Khan, Hrithik Roshan, Rajkummar Rao",An epic battle between good and evil.
Movie 2019-618,Thriller,"Anushka Sharma, Ranveer Singh",A comedic twist on modern relationships.
Movie 2012-767,Fantasy,"Varun Dhawan, Shah Rukh Khan",An epic battle between good and evil.
Movie 2014-197,Historical,"Aamir Khan, Ranveer Singh",A love story across lifetimes and parallel worlds.
Movie 2012-455,Historical,"Varun Dhawan, Salman Khan, Alia Bhatt",A thriller that keeps you guessing until the end.
Movie 2004-395,Musical,"Aamir Khan, Katrina Kaif",A thriller that keeps you guessing until the end.
Movie 2013-508,Drama,"Shah Rukh Khan, Ranveer Singh",A love story across lifetimes and parallel worlds.
Movie 2010-453,Fantasy,"Ajay Devgn, Shah Rukh Khan",A thriller that keeps you guessing until the end.
Movie 2024-103,Comedy,"Shah Rukh Khan, Katrina Kaif",A family torn apart by secrets and fate.
Movie 2008-451,Action,"Ajay Devgn, Varun Dhawan",A gripping tale of revenge and redemption.
Movie 2017-96,Action,"Varun Dhawan, Salman Khan, Anushka Sharma",A gripping tale of revenge and redemption.
Movie 2013-664,Fantasy,"Alia Bhatt, Ranveer Singh, Katrina Kaif",A gripping tale of revenge and redemption.
Movie 2005-136,Sci-Fi,"Kareena Kapoor, Salman Khan",A comedic twist on modern relationships.
Movie 2025-598,Thriller,"Aamir Khan, Salman Khan, Kareena Kapoor",A sci-fi adventure into uncharted realms.
Movie 2023-674,Drama,"Priyanka Chopra, Varun Dhawan",A sci-fi adventure into uncharted realms.
Movie 2025-416,Comedy,"Ranveer Singh, Ajay Devgn",A journey of love and sacrifice amidst chaos.
Movie 2012-39,Musical,"Ajay Devgn, Amitabh Bachchan, Priyanka Chopra",A gripping tale of revenge and redemption.
Movie 2004-811,Horror,"Alia Bhatt, Amitabh Bachchan, Deepika Padukone",A police officer takes on the criminal underworld.
Movie 2013-716,Sci-Fi,"Rajkummar Rao, Amitabh Bachchan",A love story across lifetimes and parallel worlds.
Movie 2023-50,Thriller,"Aamir Khan, Rajkummar Rao",A family torn apart by secrets and fate.
Movie 2019-592,Horror,"Priyanka Chopra, Rajkummar Rao",A love story across lifetimes and parallel worlds.
Movie 2007-814,Drama,"Deepika Padukone, Salman Khan, Aamir Khan",A family torn apart by secrets and fate.
Movie 2004-551,Sci-Fi,"Ajay Devgn, Alia Bhatt, Priyanka Chopra",A thriller that keeps you guessing until the end.
Movie 2019-904,Romance,"Ranveer Singh, Varun Dhawan, Kareena Kapoor",A gripping tale of revenge and redemption.
Movie 2024-233,Drama,"Ajay Devgn, Anushka Sharma",A journey of love and sacrifice amidst chaos.
Movie 2022-283,Horror,"Rajkummar Rao, Hrithik Roshan, Alia Bhatt",A police officer takes on the criminal underworld.
Movie 2010-427,Drama,"Aamir Khan, Rajkummar Rao, Ajay Devgn",A police officer takes on the criminal underworld.
Movie 2010-843,Action,"Amitabh Bachchan, Anushka Sharma, Rajkummar Rao",A family torn apart by secrets and fate.
Movie 2024-129,Horror,"Hrithik Roshan, Anushka Sharma, Shah Rukh Khan",A police officer takes on the criminal underworld.
Movie 2005-448,Historical,"Ranveer Singh, Alia Bhatt, Anushka Sharma",A comedic twist on modern relationships.
Movie 2000-963,Musical,"Deepika Padukone, Salman Khan",A historical drama based on real events.
Movie 2025-832,Thriller,"Alia Bhatt, Varun Dhawan",A thriller that keeps you guessing until the end.
Movie 2016-511,Comedy,"Salman Khan, Rajkummar Rao",A thriller that keeps you guessing until the end.
Movie 2020-593,Horror,"Kareena Kapoor, Anushka Sharma, Hrithik Roshan",A family torn apart by secrets and fate.
Movie 2004-135,Comedy,"Priyanka Chopra, Katrina Kaif, Hrithik Roshan",A sci-fi adventure into uncharted realms.
Movie 2014-665,Drama,"Amitabh Bachchan, Ranveer Singh",A police officer takes on the criminal underworld.
Movie 2024-909,Sci-Fi,"Deepika Padukone, Varun Dhawan, Salman Khan",A thriller that keeps you guessing until the end.
Movie 2021-282,Romance,"Salman Khan, Aamir Khan",An epic battle between good and evil.
Movie 2018-773,Horror,"Kareena Kapoor, Katrina Kaif",A thriller that keeps you guessing until the end.
Movie 2016-173,Musical,"Alia Bhatt, Deepika Padukone",A gripping tale of revenge and redemption.
Movie 2007-372,Action,"Varun Dhawan, Katrina Kaif, Ajay Devgn",An epic battle between good and evil.
Movie 2021-308,Sci-Fi,"Priyanka Chopra, Ranveer Singh",A journey of love and sacrifice amidst chaos.
Movie 2004-837,Fantasy,"Alia Bhatt, Anushka Sharma, Hrithik Roshan",An epic battle between good and evil.
Movie 2007-346,Action,"Katrina Kaif, Alia Bhatt",A police officer takes on the criminal underworld.
Movie 2002-627,Drama,"Amitabh Bachchan, Ajay Devgn",A journey of love and sacrifice amidst chaos.
Movie 2022-23,Thriller,"Varun Dhawan, Hrithik Roshan, Amitabh Bachchan",An epic battle between good and evil.
Movie 2016-199,Historical,"Deepika Padukone, Rajkummar Rao",A family torn apart by secrets and fate.
Movie 2014-15,Sci-Fi,"Varun Dhawan, Ranveer Singh",A thriller that keeps you guessing until the end.
Movie 2004-655,Action,"Ajay Devgn, Anushka Sharma, Aamir Khan",A historical drama based on real events.
Movie 2020-21,Horror,"Ajay Devgn, Shah Rukh Khan, Rajkummar Rao",A love story across lifetimes and parallel worlds.
Movie 2005-84,Fantasy,"Alia Bhatt, Shah Rukh Khan",A love story across lifetimes and parallel worlds.
Movie 2000-807,Horror,"Katrina Kaif, Priyanka Chopra",A police officer takes on the criminal underworld.
Movie 2014-691,Fantasy,"Amitabh Bachchan, Shah Rukh Khan, Rajkummar Rao",A historical drama based on real events.
Movie 2020-255,Drama,"Salman Khan, Aamir Khan, Deepika Padukone",A police officer takes on the criminal underworld.
Movie 2013-612,Fantasy,"Ranveer Singh, Ajay Devgn",A love story across lifetimes and parallel worlds.
Movie 2007-528,Romance,"Varun Dhawan, Shah Rukh Khan, Aamir Khan",A thriller that keeps you guessing until the end.
Movie 2020-827,Romance,"Amitabh Bachchan, Varun Dhawan",A love story across lifetimes and parallel worlds.
Movie 2017-876,Thriller,"Alia Bhatt, Hrithik Roshan",An epic battle between good and evil.
Movie 2011-376,Horror,"Shah Rukh Khan, Deepika Padukone, Hrithik Roshan",A police officer takes on the criminal underworld.
Movie 2023-518,Thriller,"Aamir Khan, Ajay Devgn, Rajkummar Rao",An epic battle between good and evil.
Movie 2008-919,Romance,"Hrithik Roshan, Shah Rukh Khan, Aamir Khan",A sci-fi adventure into uncharted realms.
Movie 2023-700,Thriller,"Amitabh Bachchan, Varun Dhawan",An epic battle between good and evil.
Movie 2002-81,Drama,"Alia Bhatt, Aamir Khan, Katrina Kaif",A comedic twist on modern relationships.
Movie 2019-852,Sci-Fi,"Salman Khan, Varun Dhawan, Shah Rukh Khan",A family torn apart by secrets and fate.
Movie 2011-454,Thriller,"Salman Khan, Ajay Devgn",A comedic twist on modern relationships.
Movie 2013-196,Historical,"Ranveer Singh, Katrina Kaif",A family torn apart by secrets and fate.
Movie 2017-928,Romance,"Alia Bhatt, Varun Dhawan",A gripping tale of revenge and redemption.
Movie 2020-515,Romance,"Amitabh Bachchan, Deepika Padukone, Anushka Sharma",An epic battle between good and evil.
Movie 2023-154,Horror,"Aamir Khan, Ranveer Singh",A gripping tale of revenge and redemption.
Movie 2014-379,Action,"Hrithik Roshan, Shah Rukh Khan",A love story across lifetimes and parallel worlds.
Movie 2018-201,Historical,"Deepika Padukone, Alia Bhatt, Salman Khan",A gripping tale of revenge and redemption.
Movie 2022-361,Drama,"Rajkummar Rao, Priyanka Chopra",An epic battle between good and evil.
Movie 2008-9,Musical,"Amitabh Bachchan, Priyanka Chopra",A police officer takes on the criminal underworld.
Movie 2021-204,Musical,"Kareena Kapoor, Ajay Devgn",A gripping tale of revenge and redemption.
Movie 2021-776,Horror,"Amitabh Bachchan, Kareena Kapoor, Priyanka Chopra",A journey of love and sacrifice amidst chaos.
Movie 2008-607,Romance,"Katrina Kaif, Aamir Khan",A thriller that keeps you guessing until the end.
Movie 2016-823,Romance,"Varun Dhawan, Priyanka Chopra, Kareena Kapoor",A comedic twist on modern relationships.
Movie 2007-320,Historical,"Ajay Devgn, Alia Bhatt",A love story across lifetimes and parallel worlds.
Movie 2017-408,Historical,"Amitabh Bachchan, Ajay Devgn, Shah Rukh Khan",A police officer takes on the criminal underworld.
Movie 2024-415,Thriller,"Katrina Kaif, Amitabh Bachchan, Aamir Khan",A gripping tale of revenge and redemption.
Movie 2023-24,Action,"Rajkummar Rao, Aamir Khan",A journey of love and sacrifice amidst chaos.
Movie 2024-831,Historical,"Katrina Kaif, Salman Khan",A family torn apart by secrets and fate.
Movie 2022-101,Thriller,"Alia Bhatt, Shah Rukh Khan, Ranveer Singh",A sci-fi adventure into uncharted realms.
Movie 2024-623,Action,"Ranveer Singh, Aamir Khan",A sci-fi adventure into uncharted realms.
Movie 2025-312,Drama,"Ranveer Singh, Anushka Sharma, Katrina Kaif",A historical drama based on real events.
Movie 2000-313,Comedy,"Hrithik Roshan, Priyanka Chopra, Ranveer Singh",A comedic twist on modern relationships.
Movie 2006-579,Thriller,"Rajkummar Rao, Hrithik Roshan",A historical drama based on real events.
Movie 2006-917,Fantasy,"Kareena Kapoor, Amitabh Bachchan",A journey of love and sacrifice amidst chaos.
Movie 2017-538,Action,"Kareena Kapoor, Alia Bhatt",A family torn apart by secrets and fate.
Movie 2022-725,Thriller,"Varun Dhawan, Shah Rukh Khan",A police officer takes on the criminal underworld.
Movie 2022-569,Romance,"Hrithik Roshan, Varun Dhawan, Amitabh Bachchan",A sci-fi adventure into uncharted realms.
Movie 2014-405,Drama,"Varun Dhawan, Aamir Khan",A gripping tale of revenge and redemption.
Movie 2011-90,Sci-Fi,"Anushka Sharma, Rajkummar Rao, Shah Rukh Khan",A family torn apart by secrets and fate.
Movie 2012-65,Thriller,"Priyanka Chopra, Katrina Kaif",An epic battle between good and evil.
Movie 2012-117,Thriller,"Priyanka Chopra, Alia Bhatt, Deepika Padukone",A comedic twist on modern relationships.
Movie 2000-183,Fantasy,"Katrina Kaif, Amitabh Bachchan, Priyanka Chopra",A sci-fi adventure into uncharted realms.
Movie 2013-898,Comedy,"Hrithik Roshan, Priyanka Chopra, Ajay Devgn",A journey of love and sacrifice amidst chaos.
Movie 2012-715,Historical,"Ajay Devgn, Salman Khan",A family torn apart by secrets and fate.
Movie 2023-856,Comedy,"Amitabh Bachchan, Ranveer Singh, Salman Khan",A love story across lifetimes and parallel worlds.
Movie 2006-241,Historical,"Amitabh Bachchan, Varun Dhawan, Salman Khan",A gripping tale of revenge and redemption.
Movie 2008-529,Thriller,"Ajay Devgn, Priyanka Chopra",A thriller that keeps you guessing until the end.
Movie 2009-504,Drama,"Shah Rukh Khan, Rajkummar Rao",A comedic twist on modern relationships.
Movie 2005-500,Thriller,"Katrina Kaif, Ajay Devgn",A journey of love and sacrifice amidst chaos.
Movie 2003-628,Fantasy,"Amitabh Bachchan, Alia Bhatt",A love story across lifetimes and parallel worlds.
Movie 2004-343,Romance,"Amitabh Bachchan, Priyanka Chopra",A police officer takes on the criminal underworld.
Movie 2012-403,Fantasy,"Deepika Padukone, Rajkummar Rao",A journey of love and sacrifice amidst chaos.
Queen,Drama,Kangana Ranaut,A woman rediscovers herself on a solo honeymoon trip.
Movie 2016-979,Horror,"Kareena Kapoor, Alia Bhatt",A journey of love and sacrifice amidst chaos.
Movie 2013-872,Horror,"Shah Rukh Khan, Katrina Kaif, Rajkummar Rao",A sci-fi adventure into uncharted realms.
Movie 2002-159,Thriller,"Varun Dhawan, Rajkummar Rao",A comedic twist on modern relationships.
Movie 2005-370,Thriller,"Anushka Sharma, Kareena Kapoor, Varun Dhawan",A family torn apart by secrets and fate.
Movie 2013-456,Romance,"Salman Khan, Shah Rukh Khan",A family torn apart by secrets and fate.
Movie 2020-905,Fantasy,"Kareena Kapoor, Ajay Devgn, Ranveer Singh",A sci-fi adventure into uncharted realms.
Movie 2020-489,Sci-Fi,"Alia Bhatt, Deepika Padukone",A love story across lifetimes and parallel worlds.
Movie 2000-651,Thriller,"Salman Khan, Kareena Kapoor, Hrithik Roshan",A family torn apart by secrets and fate.
Movie 2006-33,Horror,"Ajay Devgn, Kareena Kapoor, Katrina Kaif",A journey of love and sacrifice amidst chaos.
Movie 2000-781,Horror,"Varun Dhawan, Rajkummar Rao",An epic battle between good and evil.
Movie 2013-794,Historical,"Ranveer Singh, Katrina Kaif, Aamir Khan",A gripping tale of revenge and redemption.
Movie 2013-482,Romance,"Varun Dhawan, Deepika Padukone",A police officer takes on the criminal underworld.
Movie 2008-945,Action,"Katrina Kaif, Rajkummar Rao",A historical drama based on real events.
Movie 2004-915,Comedy,"Deepika Padukone, Hrithik Roshan",A police officer takes on the criminal underworld.
Movie 2012-299,Fantasy,"Kareena Kapoor, Ranveer Singh, Rajkummar Rao",A family torn apart by secrets and fate.
Movie 2019-878,Sci-Fi,"Kareena Kapoor, Salman Khan, Rajkummar Rao",A love story across lifetimes and parallel worlds.
Movie 2005-682,Comedy,"Ranveer Singh, Salman Khan",An epic battle between good and evil.
Movie 2006-59,Fantasy,"Ranveer Singh, Shah Rukh Khan",A journey of love and sacrifice amidst chaos.
Movie 2022-335,Fantasy,"Shah Rukh Khan, Priyanka Chopra",A police officer takes on the criminal underworld.
Movie 2004-603,Fantasy,"Kareena Kapoor, Hrithik Roshan",An epic battle between good and evil.
Movie 2025-156,Action,"Ranveer Singh, Aamir Khan, Ajay Devgn",A family torn apart by secrets and fate.
Movie 2004-759,Thriller,"Aamir Khan, Rajkummar Rao",A love story across lifetimes and parallel worlds.
Movie 2018-825,Drama,"Priyanka Chopra, Alia Bhatt, Rajkummar Rao",A thriller that keeps you guessing until the end.
Movie 2025-468,Thriller,"Ajay Devgn, Katrina Kaif, Shah Rukh Khan",A comedic twist on modern relationships.
Movie 2001-106,Historical,"Salman Khan, Shah Rukh Khan, Ranveer Singh",A sci-fi adventure into uncharted realms.
Movie 2024-519,Comedy,"Ajay Devgn, Varun Dhawan, Anushka Sharma",A family torn apart by secrets and fate.
Andhadhun,Thriller,"Ayushmann Khurrana, Tabu",A blind pianist gets entangled in a murder mystery.
Movie 2002-601,Sci-Fi,"Ranveer Singh, Katrina Kaif, Salman Khan",A gripping tale of revenge and redemption.
Movie 2002-523,Fantasy,"Ranveer Singh, Katrina Kaif",A family torn apart by secrets and fate.
Movie 2025-520,Action,"Ranveer Singh, Ajay Devgn",A gripping tale of revenge and redemption.
Movie 2019-956,Horror,"Katrina Kaif, Shah Rukh Khan",A gripping tale of revenge and redemption.
Movie 2013-560,Fantasy,"Katrina Kaif, Shah Rukh Khan, Priyanka Chopra",A historical drama based on real events.
Movie 2021-802,Musical,"Rajkummar Rao, Priyanka Chopra, Amitabh Bachchan",A comedic twist on modern relationships.
Movie 2016-615,Sci-Fi,"Aamir Khan, Anushka Sharma",A historical drama based on real events.
Movie 2009-816,Romance,"Salman Khan, Rajkummar Rao",A journey of love and sacrifice amidst chaos.
Movie 2007-736,Fantasy,"Deepika Padukone, Hrithik Roshan, Priyanka Chopra",An epic battle between good and evil.
Movie 2009-36,Drama,"Salman Khan, Priyanka Chopra, Katrina Kaif",A sci-fi adventure into uncharted realms.
Movie 2025-858,Comedy,"Deepika Padukone, Rajkummar Rao",A historical drama based on real events.
Movie 2019-46,Horror,"Salman Khan, Rajkummar Rao, Hrithik Roshan",An epic battle between good and evil.
Movie 2005-474,Comedy,"Anushka Sharma, Varun Dhawan, Aamir Khan",A love story across lifetimes and parallel worlds.
Movie 2001-834,Sci-Fi,"Katrina Kaif, Varun Dhawan",A love story across lifetimes and parallel worlds.
Movie 2015-328,Drama,"Ranveer Singh, Amitabh Bachchan",A police officer takes on the criminal underworld.
Movie 2023-440,Romance,"Shah Rukh Khan, Ranveer Singh, Deepika Padukone",A journey of love and sacrifice amidst chaos.
Movie 2019-540,Drama,"Anushka Sharma, Amitabh Bachchan",A police officer takes on the criminal underworld.
PK,Sci-Fi,"Aamir Khan, Anushka Sharma",An alien explores Earth and questions religious dogma.
Movie 2011-636,Sci-Fi,"Salman Khan, Ranveer Singh",A comedic twist on modern relationships.
Movie 2023-752,Romance,"Alia Bhatt, Deepika Padukone",A historical drama based on real events.
Movie 2015-510,Historical,"Shah Rukh Khan, Priyanka Chopra",A gripping tale of revenge and redemption.
Movie 2020-203,Historical,"Varun Dhawan, Salman Khan, Priyanka Chopra",A sci-fi adventure into uncharted realms.
Movie 2005-344,Romance,"Alia Bhatt, Aamir Khan",A gripping tale of revenge and redemption.
Movie 2017-668,Drama,"Deepika Padukone, Alia Bhatt",A thriller that keeps you guessing until the end.
Movie 2024-363,Drama,"Amitabh Bachchan, Alia Bhatt",A comedic twist on modern relationships.
Movie 2003-576,Thriller,"Alia Bhatt, Shah Rukh Khan, Anushka Sharma",A comedic twist on modern relationships.
Movie 2004-5,Drama,"Shah Rukh Khan, Anushka Sharma, Ajay Devgn",An epic battle between good and evil.
Movie 2020-723,Drama,"Varun Dhawan, Hrithik Roshan",A journey of love and sacrifice amidst chaos.
Movie 2018-695,Romance,"Aamir Khan, Priyanka Chopra",A family torn apart by secrets and fate.
Movie 2025-936,Fantasy,"Anushka Sharma, Varun Dhawan, Katrina Kaif",A journey of love and sacrifice amidst chaos.
Movie 2005-890,Thriller,"Rajkummar Rao, Alia Bhatt",A love story across lifetimes and parallel worlds.
Movie 2010-323,Comedy,"Ajay Devgn, Kareena Kapoor",A love story across lifetimes and parallel worlds.
Movie 2003-446,Musical,"Aamir Khan, Ajay Devgn",A love story across lifetimes and parallel worlds.
Movie 2014-457,Comedy,"Hrithik Roshan, Katrina Kaif",A love story across lifetimes and parallel worlds.
Movie 2000-729,Musical,"Alia Bhatt, Rajkummar Rao, Shah Rukh Khan",A gripping tale of revenge and redemption.
Movie 2025-234,Action,"Amitabh Bachchan, Priyanka Chopra, Kareena Kapoor",A family torn apart by secrets and fate.
Movie 2006-605,Romance,"Deepika Padukone, Katrina Kaif",A sci-fi adventure into uncharted realms.
Movie 2015-120,Action,"Deepika Padukone, Salman Khan, Ajay Devgn",A journey of love and sacrifice amidst chaos.
Movie 2012-663,Action,"Amitabh Bachchan, Ajay Devgn",A thriller that keeps you guessing until the end.
Movie 2005-396,Thriller,"Alia Bhatt, Hrithik Roshan, Varun Dhawan",A thriller that keeps you guessing until the end.
Movie 2018-409,Thriller,"Anushka Sharma, Kareena Kapoor, Rajkummar Rao",A historical drama based on real events.
Movie 2021-880,Thriller,"Rajkummar Rao, Anushka Sharma",A police officer takes on the criminal underworld.
Movie 2010-557,Horror,"Salman Khan, Aamir Khan",A thriller that keeps you guessing until the end.
Movie 2017-850,Romance,"Ajay Devgn, Ranveer Singh",A sci-fi adventure into uncharted realms.
Movie 2007-632,Musical,"Salman Khan, Varun Dhawan, Ajay Devgn",A journey of love and sacrifice amidst chaos.
Movie 2005-760,Romance,"Anushka Sharma, Aamir Khan, Salman Khan",A journey of love and sacrifice amidst chaos.
Movie 2008-373,Action,"Katrina Kaif, Rajkummar Rao, Ajay Devgn",A gripping tale of revenge and redemption.
Movie 2003-394,Fantasy,"Deepika Padukone, Ranveer Singh",A thriller that keeps you guessing until the end.
Movie 2002-211,Musical,"Rajkummar Rao, Katrina Kaif, Amitabh Bachchan",A family torn apart by secrets and fate.
Movie 2011-818,Romance,"Alia Bhatt, Deepika Padukone, Varun Dhawan",A historical drama based on real events.
Movie 2000-885,Horror,"Deepika Padukone, Varun Dhawan",A police officer takes on the criminal underworld.
Movie 2008-841,Romance,"Aamir Khan, Hrithik Roshan",An epic battle between good and evil.
Movie 2012-221,Sci-Fi,"Priyanka Chopra, Anushka Sharma, Aamir Khan",An epic battle between good and evil.
Movie 2000-339,Action,"Shah Rukh Khan, Priyanka Chopra",A love story across lifetimes and parallel worlds.
Movie 2015-614,Drama,"Hrithik Roshan, Ajay Devgn, Katrina Kaif",A police officer takes on the criminal underworld.
Movie 2008-321,Comedy,"Alia Bhatt, Rajkummar Rao, Aamir Khan",A family torn apart by secrets and fate.
Movie 2025-728,Sci-Fi,"Varun Dhawan, Salman Khan",A police officer takes on the criminal underworld.
Movie 2004-629,Fantasy,"Shah Rukh Khan, Priyanka Chopra, Salman Khan",A police officer takes on the criminal underworld.
Movie 2018-721,Horror,"Alia Bhatt, Amitabh Bachchan",An epic battle between good and evil.
Movie 2008-711,Historical,"Priyanka Chopra, Amitabh Bachchan",A love story across lifetimes and parallel worlds.
Movie 2006-527,Horror,"Kareena Kapoor, Amitabh Bachchan",A historical drama based on real events.
Movie 2007-892,Musical,"Anushka Sharma, Priyanka Chopra, Katrina Kaif",A comedic twist on modern relationships.
Movie 2021-464,Sci-Fi,"Ranveer Singh, Alia Bhatt, Priyanka Chopra",A historical drama based on real events.
Movie 2022-855,Drama,"Ajay Devgn, Ranveer Singh",A comedic twist on modern relationships.
Movie 2023-778,Historical,"Rajkummar Rao, Deepika Padukone, Shah Rukh Khan",An epic battle between good and evil.
Movie 2011-844,Thriller,"Amitabh Bachchan, Deepika Padukone, Aamir Khan",A sci-fi adventure into uncharted realms.
Movie 2001-184,Romance,"Shah Rukh Khan, Ajay Devgn, Varun Dhawan",A journey of love and sacrifice amidst chaos.
Movie 2006-371,Thriller,"Hrithik Roshan, Ranveer Singh",An epic battle between good and evil.
Movie 2014-717,Historical,"Rajkummar Rao, Kareena Kapoor, Alia Bhatt",A family torn apart by secrets and fate.
Movie 2007-970,Thriller,"Alia Bhatt, Varun Dhawan, Deepika Padukone",An epic battle between good and evil.
Movie 2003-914,Sci-Fi,"Hrithik Roshan, Ajay Devgn, Priyanka Chopra",A gripping tale of revenge and redemption.
Movie 2009-894,Drama,"Katrina Kaif, Hrithik Roshan, Ajay Devgn",A police officer takes on the criminal underworld.
Movie 2009-348,Horror,"Hrithik Roshan, Salman Khan",A historical drama based on real events.
Movie 2003-56,Horror,"Varun Dhawan, Amitabh Bachchan, Anushka Sharma",A comedic twist on modern relationships.
Movie 2007-268,Drama,"Shah Rukh Khan, Kareena Kapoor, Anushka Sharma",A gripping tale of revenge and redemption.
Movie 2019-384,Action,"Katrina Kaif, Amitabh Bachchan, Rajkummar Rao",A sci-fi adventure into uncharted realms.
Movie 2010-349,Historical,"Priyanka Chopra, Ajay Devgn",A family torn apart by secrets and fate.
Movie 2002-3,Musical,"Rajkummar Rao, Ranveer Singh, Ajay Devgn",A journey of love and sacrifice amidst chaos.
Movie 2017-824,Comedy,"Anushka Sharma, Shah Rukh Khan",A historical drama based on real events.
Movie 2020-645,Fantasy,"Katrina Kaif, Priyanka Chopra, Ranveer Singh",An epic battle between good and evil.
Movie 2009-868,Comedy,"Rajkummar Rao, Amitabh Bachchan, Kareena Kapoor",An epic battle between good and evil.
Movie 2013-638,Drama,"Salman Khan, Ranveer Singh",An epic battle between good and evil.
Movie 2016-17,Thriller,"Deepika Padukone, Kareena Kapoor, Aamir Khan",A comedic twist on modern relationships.
Movie 2017-772,Fantasy,"Kareena Kapoor, Salman Khan, Ranveer Singh",A family torn apart by secrets and fate.
Movie 2019-722,Comedy,"Anushka Sharma, Aamir Khan, Katrina Kaif",A love story across lifetimes and parallel worlds.
Movie 2010-947,Thriller,"Ajay Devgn, Anushka Sharma, Varun Dhawan",A sci-fi adventure into uncharted realms.
Movie 2009-374,Historical,"Alia Bhatt, Ranveer Singh, Katrina Kaif",A sci-fi adventure into uncharted realms.
Movie 2025-78,Romance,"Alia Bhatt, Deepika Padukone",A comedic twist on modern relationships.
Movie 2012-897,Fantasy,"Hrithik Roshan, Alia Bhatt",A love story across lifetimes and parallel worlds.
Movie 2006-761,Horror,"Anushka Sharma, Priyanka Chopra, Shah Rukh Khan",A thriller that keeps you guessing until the end.
Movie 2002-419,Action,"Amitabh Bachchan, Deepika Padukone",A thriller that keeps you guessing until the end.
Movie 2005-708,Sci-Fi,"Alia Bhatt, Amitabh Bachchan",A sci-fi adventure into uncharted realms.
Movie 2011-792,Sci-Fi,"Ajay Devgn, Deepika Padukone, Varun Dhawan",A love story across lifetimes and parallel worlds.
Movie 2014-977,Musical,"Hrithik Roshan, Deepika Padukone",A sci-fi adventure into uncharted realms.
Movie 2014-769,Horror,"Shah Rukh Khan, Alia Bhatt",A comedic twist on modern relationships.
Movie 2023-336,Thriller,"Amitabh Bachchan, Salman Khan, Hrithik Roshan",A comedic twist on modern relationships.
Movie 2014-327,Drama,"Amitabh Bachchan, Alia Bhatt, Katrina Kaif",A sci-fi adventure into uncharted realms.
Movie 2023-180,Fantasy,"Rajkummar Rao, Alia Bhatt",An epic battle between good and evil.
Movie 2018-539,Horror,"Varun Dhawan, Ajay Devgn",A thriller that keeps you guessing until the end.
Movie 2004-967,Thriller,"Ranveer Singh, Ajay Devgn, Shah Rukh Khan",A journey of love and sacrifice amidst chaos.
Movie 2001-262,Thriller,"Amitabh Bachchan, Kareena Kapoor, Katrina Kaif",An epic battle between good and evil.
Movie 2018-799,Musical,"Aamir Khan, Ranveer Singh",A thriller that keeps you guessing until the end.
Movie 2007-164,Romance,"Ajay Devgn, Rajkummar Rao, Ranveer Singh",A comedic twist on modern relationships.
Movie 2020-437,Fantasy,"Aamir Khan, Amitabh Bachchan",A family torn apart by secrets and fate.
Movie 2023-908,Musical,"Aamir Khan, Rajkummar Rao, Shah Rukh Khan",A love story across lifetimes and parallel worlds.
Movie 2009-660,Horror,"Amitabh Bachchan, Katrina Kaif, Ranveer Singh",A sci-fi adventure into uncharted realms.
Movie 2012-429,Romance,"Deepika Padukone, Alia Bhatt, Ranveer Singh",A gripping tale of revenge and redemption.
Movie 2005-604,Historical,"Katrina Kaif, Shah Rukh Khan",A sci-fi adventure into uncharted realms.
Movie 2011-64,Action,"Ajay Devgn, Amitabh Bachchan, Hrithik Roshan",A thriller that keeps you guessing until the end.
Movie 2012-741,Sci-Fi,"Ranveer Singh, Katrina Kaif",A police officer takes on the criminal underworld.
Movie 2022-803,Musical,"Amitabh Bachchan, Shah Rukh Khan, Deepika Padukone",A love story across lifetimes and parallel worlds.
Movie 2007-944,Musical,"Rajkummar Rao, Ajay Devgn, Kareena Kapoor",A sci-fi adventure into uncharted realms.
Movie 2015-588,Action,"Kareena Kapoor, Alia Bhatt",A love story across lifetimes and parallel worlds.
Movie 2009-556,Action,"Ajay Devgn, Rajkummar Rao, Anushka Sharma",A comedic twist on modern relationships.
Movie 2009-842,Thriller,"Salman Khan, Rajkummar Rao",A historical drama based on real events.
Movie 2013-430,Sci-Fi,"Aamir Khan, Salman Khan, Priyanka Chopra",A sci-fi adventure into uncharted realms.
Movie 2007-918,Drama,"Katrina Kaif, Alia Bhatt, Aamir Khan",A comedic twist on modern relationships.
Movie 2024-51,Sci-Fi,"Katrina Kaif, Shah Rukh Khan",An epic battle between good and evil.
Movie 2024-259,Sci-Fi,"Salman Khan, Priyanka Chopra",A gripping tale of revenge and redemption.
Movie 2000-1,Fantasy,"Deepika Padukone, Alia Bhatt",A sci-fi adventure into uncharted realms.
Movie 2014-145,Sci-Fi,"Priyanka Chopra, Salman Khan",A thriller that keeps you guessing until the end.
Movie 2008-659,Action,"Shah Rukh Khan, Varun Dhawan",A family torn apart by secrets and fate.
Movie 2004-57,Sci-Fi,"Ranveer Singh, Deepika Padukone, Alia Bhatt",A family torn apart by secrets and fate.
Movie 2007-684,Horror,"Shah Rukh Khan, Salman Khan, Amitabh Bachchan",A love story across lifetimes and parallel worlds.
Movie 2012-533,Drama,"Anushka Sharma, Aamir Khan, Amitabh Bachchan",A thriller that keeps you guessing until the end.
Movie 2002-549,Action,"Deepika Padukone, Anushka Sharma",A police officer takes on the criminal underworld.
Movie 2008-763,Romance,"Rajkummar Rao, Ajay Devgn, Priyanka Chopra",A sci-fi adventure into uncharted realms.
Movie 2015-666,Fantasy,"Ajay Devgn, Shah Rukh Khan, Varun Dhawan",A journey of love and sacrifice amidst chaos.
Movie 2003-862,Romance,"Anushka Sharma, Katrina Kaif",An epic battle between good and evil.
Movie 2007-190,Sci-Fi,"Ranveer Singh, Deepika Padukone, Aamir Khan",A gripping tale of revenge and redemption.
Movie 2013-976,Drama,"Priyanka Chopra, Anushka Sharma, Ajay Devgn",A journey of love and sacrifice amidst chaos.
Movie 2004-499,Romance,"Kareena Kapoor, Amitabh Bachchan",A comedic twist on modern relationships.
Movie 2008-243,Musical,"Shah Rukh Khan, Salman Khan, Varun Dhawan",A sci-fi adventure into uncharted realms.
Movie 2025-26,Thriller,"Amitabh Bachchan, Priyanka Chopra",A thriller that keeps you guessing until the end.
Movie 2012-377,Romance,"Alia Bhatt, Anushka Sharma",A journey of love and sacrifice amidst chaos.
Movie 2011-480,Action,"Deepika Padukone, Katrina Kaif, Varun Dhawan",An epic battle between good and evil.
Movie 2009-62,Horror,"Salman Khan, Anushka Sharma, Amitabh Bachchan",An epic battle between good and evil.
Movie 2015-848,Comedy,"Varun Dhawan, Aamir Khan, Ajay Devgn",A police officer takes on the criminal underworld.
Movie 2015-172,Musical,"Shah Rukh Khan, Priyanka Chopra",A family torn apart by secrets and fate.
Movie 2011-766,Thriller,"Salman Khan, Ranveer Singh",A journey of love and sacrifice amidst chaos.
Movie 2020-73,Action,"Hrithik Roshan, Ranveer Singh, Shah Rukh Khan",A love story across lifetimes and parallel worlds.
Movie 2016-485,Comedy,"Aamir Khan, Salman Khan, Kareena Kapoor",A love story across lifetimes and parallel worlds.
Movie 2018-929,Horror,"Priyanka Chopra, Varun Dhawan, Anushka Sharma",A thriller that keeps you guessing until the end.
Movie 2020-541,Romance,"Shah Rukh Khan, Ajay Devgn, Ranveer Singh",A thriller that keeps you guessing until the end.
Movie 2023-544,Musical,"Rajkummar Rao, Alia Bhatt, Ranveer Singh",A love story across lifetimes and parallel worlds.
Movie 2023-492,Action,"Ranveer Singh, Amitabh Bachchan, Kareena Kapoor",A gripping tale of revenge and redemption.
Movie 2014-119,Romance,"Aamir Khan, Shah Rukh Khan",A family torn apart by secrets and fate.
Movie 2010-37,Drama,"Alia Bhatt, Ranveer Singh",A comedic twist on modern relationships.
Movie 2021-334,Thriller,"Priyanka Chopra, Shah Rukh Khan",A comedic twist on modern relationships.
Movie 2002-237,Romance,"Ajay Devgn, Aamir Khan, Varun Dhawan",A love story across lifetimes and parallel worlds.
Movie 2025-52,Action,"Priyanka Chopra, Aamir Khan, Katrina Kaif",A love story across lifetimes and parallel worlds.
Movie 2015-718,Historical,"Amitabh Bachchan, Ajay Devgn, Alia Bhatt",A family torn apart by secrets and fate.
Movie 2013-742,Romance,"Aamir Khan, Katrina Kaif",A love story across lifetimes and parallel worlds.
Movie 2025-624,Comedy,"Deepika Padukone, Ajay Devgn, Priyanka Chopra",An epic battle between good and evil.
Movie 2012-689,Historical,"Salman Khan, Ajay Devgn, Ranveer Singh",A gripping tale of revenge and redemption.
Movie 2023-726,Action,"Alia Bhatt, Shah Rukh Khan",A historical drama based on real events.
Movie 2024-961,Romance,"Kareena Kapoor, Salman Khan, Aamir Khan",A thriller that keeps you guessing until the end.
Movie 2025-702,Fantasy,"Hrithik Roshan, Shah Rukh Khan, Aamir Khan",An epic battle between good and evil.
Movie 2022-881,Sci-Fi,"Varun Dhawan, Alia Bhatt, Priyanka Chopra",A gripping tale of revenge and redemption.
Movie 2001-236,Fantasy,"Priyanka Chopra, Anushka Sharma, Ajay Devgn",A family torn apart by secrets and fate.
Movie 2017-278,Romance,"Amitabh Bachchan, Varun Dhawan",A police officer takes on the criminal underworld.
Movie 2010-505,Sci-Fi,"Aamir Khan, Salman Khan",A family torn apart by secrets and fate.
Movie 2001-964,Sci-Fi,"Shah Rukh Khan, Aamir Khan, Priyanka Chopra",A police officer takes on the criminal underworld.
Movie 2003-30,Drama,"Shah Rukh Khan, Deepika Padukone, Anushka Sharma",A sci-fi adventure into uncharted realms.
Movie 2001-548,Fantasy,"Kareena Kapoor, Varun Dhawan, Katrina Kaif",A love story across lifetimes and parallel worlds.
Movie 2009-686,Comedy,"Deepika Padukone, Aamir Khan, Rajkummar Rao",A love story across lifetimes and parallel worlds.
Movie 2002-731,Sci-Fi,"Hrithik Roshan, Rajkummar Rao, Salman Khan",A family torn apart by secrets and fate.
Movie 2006-969,Comedy,"Ajay Devgn, Hrithik Roshan, Shah Rukh Khan",A historical drama based on real events.
Movie 2009-10,Musical,"Salman Khan, Amitabh Bachchan",A love story across lifetimes and parallel worlds.
Movie 2020-801,Drama,"Varun Dhawan, Alia Bhatt, Ajay Devgn",A thriller that keeps you guessing until the end.
Movie 2010-609,Historical,"Katrina Kaif, Shah Rukh Khan, Hrithik Roshan",A historical drama based on real events.
Movie 2022-829,Romance,"Ranveer Singh, Salman Khan, Ajay Devgn",A police officer takes on the criminal underworld.
Movie 2002-263,Horror,"Anushka Sharma, Amitabh Bachchan, Deepika Padukone",A gripping tale of revenge and redemption.
Movie 2005-214,Historical,"Ajay Devgn, Anushka Sharma",A thriller that keeps you guessing until the end.
Movie 2000-157,Thriller,"Anushka Sharma, Katrina Kaif",A family torn apart by secrets and fate.
Movie 2016-745,Comedy,"Rajkummar Rao, Varun Dhawan",A thriller that keeps you guessing until the end.
Movie 2017-148,Sci-Fi,"Priyanka Chopra, Kareena Kapoor, Alia Bhatt",A gripping tale of revenge and redemption.
Movie 2018-357,Sci-Fi,"Rajkummar Rao, Ranveer Singh, Varun Dhawan",A sci-fi adventure into uncharted realms.
Movie 2010-817,Historical,"Deepika Padukone, Kareena Kapoor",A historical drama based on real events.
Movie 2018-487,Drama,"Katrina Kaif, Varun Dhawan, Salman Khan",An epic battle between good and evil.
Movie 2009-530,Sci-Fi,"Varun Dhawan, Hrithik Roshan",A comedic twist on modern relationships.
Uri: The Surgical Strike,Action,"Vicky Kaushal, Yami Gautam",Based on India's surgical strikes against terror camps.
Movie 2006-501,Musical,"Ajay Devgn, Hrithik Roshan, Anushka Sharma",A love story across lifetimes and parallel worlds.
Movie 2020-47,Romance,"Alia Bhatt, Rajkummar Rao",A gripping tale of revenge and redemption.
Movie 2020-281,Comedy,"Shah Rukh Khan, Katrina Kaif",A journey of love and sacrifice amidst chaos.
Movie 2015-562,Musical,"Anushka Sharma, Hrithik Roshan",A love story across lifetimes and parallel worlds.
Movie 2001-938,Thriller,"Kareena Kapoor, Amitabh Bachchan, Ajay Devgn",A gripping tale of revenge and redemption.
Movie 2021-906,Horror,"Priyanka Chopra, Anushka Sharma, Varun Dhawan",A police officer takes on the criminal underworld.
Movie 2022-387,Action,"Deepika Padukone, Alia Bhatt",A love story across lifetimes and parallel worlds.
Movie 2016-875,Action,"Varun Dhawan, Kareena Kapoor",A comedic twist on modern relationships.
Movie 2000-417,Sci-Fi,"Varun Dhawan, Salman Khan, Katrina Kaif",A comedic twist on modern relationships.
Movie 2008-737,Romance,"Kareena Kapoor, Rajkummar Rao",A journey of love and sacrifice amidst chaos.
Movie 2010-739,Action,"Rajkummar Rao, Hrithik Roshan",A sci-fi adventure into uncharted realms.
Movie 2018-461,Comedy,"Hrithik Roshan, Deepika Padukone",A journey of love and sacrifice amidst chaos.
Movie 2021-646,Romance,"Rajkummar Rao, Alia Bhatt",A thriller that keeps you guessing until the end.
Movie 2001-808,Horror,"Deepika Padukone, Anushka Sharma, Ranveer Singh",A historical drama based on real events.
Movie 2000-677,Romance,"Ranveer Singh, Amitabh Bachchan",A family torn apart by secrets and fate.
Movie 2015-900,Sci-Fi,"Salman Khan, Priyanka Chopra, Katrina Kaif",A family torn apart by secrets and fate.
Movie 2004-187,Thriller,"Ranveer Singh, Priyanka Chopra",A police officer takes on the criminal underworld.
Movie 2014-171,Romance,"Rajkummar Rao, Ajay Devgn, Salman Khan",A thriller that keeps you guessing until the end.
Movie 2023-596,Fantasy,"Rajkummar Rao, Ranveer Singh",An epic battle between good and evil.
Movie 2021-256,Musical,"Salman Khan, Aamir Khan",A comedic twist on modern relationships.
Movie 2007-8,Musical,"Katrina Kaif, Anushka Sharma",A gripping tale of revenge and redemption.
Movie 2008-61,Romance,"Kareena Kapoor, Priyanka Chopra, Shah Rukh Khan",A family torn apart by secrets and fate.
Movie 2016-589,Comedy,"Kareena Kapoor, Aamir Khan, Ajay Devgn",A sci-fi adventure into uncharted realms.
Movie 2013-924,Comedy,"Aamir Khan, Varun Dhawan, Priyanka Chopra",A thriller that keeps you guessing until the end.
Movie 2011-38,Sci-Fi,"Katrina Kaif, Hrithik Roshan, Aamir Khan",A gripping tale of revenge and redemption.
Movie 2015-276,Horror,"Rajkummar Rao, Anushka Sharma, Ajay Devgn",A historical drama based on real events.
Movie 2013-352,Musical,"Amitabh Bachchan, Rajkummar Rao",A historical drama based on real events.
Movie 2022-595,Comedy,"Ajay Devgn, Alia Bhatt",A thriller that keeps you guessing until the end.
Movie 2008-425,Musical,"Aamir Khan, Ajay Devgn",A gripping tale of revenge and redemption.
Movie 2024-207,Fantasy,"Ajay Devgn, Varun Dhawan",A sci-fi adventure into uncharted realms.
Movie 2021-750,Historical,"Amitabh Bachchan, Varun Dhawan, Katrina Kaif",An epic battle between good and evil.
Movie 2003-706,Action,"Katrina Kaif, Hrithik Roshan, Aamir Khan",A sci-fi adventure into uncharted realms.
Movie 2015-926,Action,"Priyanka Chopra, Amitabh Bachchan",A comedic twist on modern relationships.
Movie 2024-25,Comedy,"Aamir Khan, Katrina Kaif",A love story across lifetimes and parallel worlds.
Movie 2008-971,Horror,"Rajkummar Rao, Ranveer Singh",A comedic twist on modern relationships.
Movie 2003-654,Musical,"Priyanka Chopra, Amitabh Bachchan, Hrithik Roshan",A historical drama based on real events.
Movie 2017-382,Comedy,"Amitabh Bachchan, Kareena Kapoor",A gripping tale of revenge and redemption.
Movie 2000-27,Fantasy,"Ajay Devgn, Alia Bhatt, Salman Khan",A sci-fi adventure into uncharted realms.
Movie 2016-719,Romance,"Katrina Kaif, Hrithik Roshan, Deepika Padukone",A journey of love and sacrifice amidst chaos.
Movie 2013-846,Historical,"Rajkummar Rao, Shah Rukh Khan, Amitabh Bachchan",A sci-fi adventure into uncharted realms.
Movie 2006-397,Horror,"Amitabh Bachchan, Priyanka Chopra, Katrina Kaif",A journey of love and sacrifice amidst chaos.
Movie 2022-231,Sci-Fi,"Kareena Kapoor, Anushka Sharma",A police officer takes on the criminal underworld.
Movie 2003-342,Comedy,"Kareena Kapoor, Amitabh Bachchan",A sci-fi adventure into uncharted realms.
Movie 2011-428,Horror,"Katrina Kaif, Salman Khan, Ranveer Singh",A gripping tale of revenge and redemption.
Movie 2024-77,Thriller,"Anushka Sharma, Amitabh Bachchan",A love story across lifetimes and parallel worlds.
Movie 2014-873,Thriller,"Shah Rukh Khan, Katrina Kaif, Kareena Kapoor",A love story across lifetimes and parallel worlds.
Rockstar,Musical,"Ranbir Kapoor, Nargis Fakhri",A musician's rise to fame is marked by heartbreak.
Movie 2021-568,Comedy,"Hrithik Roshan, Alia Bhatt",A family torn apart by secrets and fate.
Movie 2018-253,Sci-Fi,"Anushka Sharma, Varun Dhawan, Salman Khan",An epic battle between good and evil.
Movie 2001-366,Romance,"Alia Bhatt, Aamir Khan, Varun Dhawan",A sci-fi adventure into uncharted realms.
Movie 2005-968,Historical,"Hrithik Roshan, Alia Bhatt, Shah Rukh Khan",An epic battle between good and evil.
Movie 2010-791,Comedy,"Rajkummar Rao, Varun Dhawan, Alia Bhatt",A police officer takes on the criminal underworld.
Movie 2008-217,Thriller,"Varun Dhawan, Ajay Devgn, Amitabh Bachchan",A comedic twist on modern relationships.
Movie 2006-891,Musical,"Salman Khan, Shah Rukh Khan, Ajay Devgn",A journey of love and sacrifice amidst chaos.
Movie 2000-235,Horror,"Rajkummar Rao, Priyanka Chopra",A historical drama based on real events.
Movie 2001-522,Action,"Ajay Devgn, Salman Khan, Anushka Sharma",An epic battle between good and evil.
Movie 2007-788,Action,"Hrithik Roshan, Deepika Padukone, Varun Dhawan",A thriller that keeps you guessing until the end.
Movie 2017-798,Romance,"Ajay Devgn, Alia Bhatt",A family torn apart by secrets and fate.
Movie 2025-572,Sci-Fi,"Amitabh Bachchan, Salman Khan, Hrithik Roshan",An epic battle between good and evil.
